trial,delta_w_1,delta_w_2,delta_w_3,delta_w_4
1,0.006065307,0.007788008,-0.008177408,-0.006368572
2,0.006065307,0.007788008,-0.008177408,-0.006368572
3,0.006065307,0.007788008,-0.008177408,-0.006368572
4,0.006065307,0.007788008,-0.008177408,-0.006368572
5,0.006065307,0.007788008,-0.008177408,-0.006368572
6,0.006065307,0.007788008,-0.008177408,-0.006368572
7,0.006065307,0.007788008,-0.008177408,-0.006368572
8,0.006065307,0.007788008,-0.008177408,-0.006368572
9,0.006065307,0.007788008,-0.008177408,-0.006368572
10,0.006065307,0.007788008,-0.008177408,-0.006368572
11,0.006065307,0.007788008,-0.008177408,-0.006368572
12,0.006065307,0.007788008,-0.008177408,-0.006368572
13,0.006065307,0.007788008,-0.008177408,-0.006368572
14,0.006065307,0.007788008,-0.008177408,-0.006368572
15,0.006065307,0.007788008,-0.008177408,-0.006368572
16,0.006065307,0.007788008,-0.008177408,-0.006368572
17,0.006065307,0.007788008,-0.008177408,-0.006368572
18,0.006065307,0.007788008,-0.008177408,-0.006368572
19,0.006065307,0.007788008,-0.008177408,-0.006368572
20,0.006065307,0.007788008,-0.008177408,-0.006368572
21,0.006065307,0.007788008,-0.008177408,-0.006368572
22,0.006065307,0.007788008,-0.008177408,-0.006368572
23,0.006065307,0.007788008,-0.008177408,-0.006368572
24,0.006065307,0.007788008,-0.008177408,-0.006368572
25,0.006065307,0.007788008,-0.008177408,-0.006368572
26,0.006065307,0.007788008,-0.008177408,-0.006368572
27,0.006065307,0.007788008,-0.008177408,-0.006368572
28,0.006065307,0.007788008,-0.008177408,-0.006368572
29,0.006065307,0.007788008,-0.008177408,-0.006368572
30,0.006065307,0.007788008,-0.008177408,-0.006368572
31,0.006065307,0.007788008,-0.008177408,-0.006368572
32,0.006065307,0.007788008,-0.008177408,-0.006368572
33,0.006065307,0.007788008,-0.008177408,-0.006368572
34,0.006065307,0.007788008,-0.008177408,-0.006368572
35,0.006065307,0.007788008,-0.008177408,-0.006368572
36,0.006065307,0.007788008,-0.008177408,-0.006368572
37,0.006065307,0.007788008,-0.008177408,-0.006368572
38,0.006065307,0.007788008,-0.008177408,-0.006368572
39,0.006065307,0.007788008,-0.008177408,-0.006368572
40,0.006065307,0.007788008,-0.008177408,-0.006368572
41,0.006065307,0.007788008,-0.008177408,-0.006368572
42,0.006065307,0.007788008,-0.008177408,-0.006368572
43,0.006065307,0.007788008,-0.008177408,-0.006368572
44,0.006065307,0.007788008,-0.008177408,-0.006368572
45,0.006065307,0.007788008,-0.008177408,-0.006368572
46,0.006065307,0.007788008,-0.008177408,-0.006368572
47,0.006065307,0.007788008,-0.008177408,-0.006368572
48,0.006065307,0.007788008,-0.008177408,-0.006368572
49,0.006065307,0.007788008,-0.008177408,-0.006368572
50,0.006065307,0.007788008,-0.008177408,-0.006368572
51,0.006065307,0.007788008,-0.008177408,-0.006368572
52,0.006065307,0.007788008,-0.008177408,-0.006368572
53,0.006065307,0.007788008,-0.008177408,-0.006368572
54,0.006065307,0.007788008,-0.008177408,-0.006368572
55,0.006065307,0.007788008,-0.008177408,-0.006368572
56,0.006065307,0.007788008,-0.008177408,-0.006368572
57,0.006065307,0.007788008,-0.008177408,-0.006368572
58,0.006065307,0.007788008,-0.008177408,-0.006368572
59,0.006065307,0.007788008,-0.008177408,-0.006368572
60,0.006065307,0.007788008,-0.008177408,-0.006368572
61,0.006065307,0.007788008,-0.008177408,-0.006368572
62,0.006065307,0.007788008,-0.001178098,-0.006368572
63,0.006065307,0.007788008,0.000000000,-0.006368572
64,0.006065307,0.007788008,0.000000000,-0.006368572
65,0.006065307,0.001567499,0.000000000,-0.006368572
66,0.006065307,0.000000000,0.000000000,-0.006368572
67,0.006065307,0.000000000,0.000000000,-0.006368572
68,0.006065307,0.000000000,0.000000000,-0.006368572
69,0.006065307,0.000000000,0.000000000,-0.006368572
70,0.006065307,0.000000000,0.000000000,-0.006368572
71,0.006065307,0.000000000,0.000000000,-0.006368572
72,0.006065307,0.000000000,0.000000000,-0.006368572
73,0.006065307,0.000000000,0.000000000,-0.006368572
74,0.006065307,0.000000000,0.000000000,-0.006368572
75,0.006065307,0.000000000,0.000000000,-0.006368572
76,0.006065307,0.000000000,0.000000000,-0.006368572
77,0.006065307,0.000000000,0.000000000,-0.006368572
78,0.006065307,0.000000000,0.000000000,-0.006368572
79,0.006065307,0.000000000,0.000000000,-0.003251390
80,0.006065307,0.000000000,0.000000000,0.000000000
81,0.006065307,0.000000000,0.000000000,0.000000000
82,0.006065307,0.000000000,0.000000000,0.000000000
83,0.002644859,0.000000000,0.000000000,0.000000000
84,0.000000000,0.000000000,0.000000000,0.000000000
85,0.000000000,0.000000000,0.000000000,0.000000000
86,0.000000000,0.000000000,0.000000000,0.000000000
87,0.000000000,0.000000000,0.000000000,0.000000000
88,0.000000000,0.000000000,0.000000000,0.000000000
89,0.000000000,0.000000000,0.000000000,0.000000000
90,0.000000000,0.000000000,0.000000000,0.000000000
91,0.000000000,0.000000000,0.000000000,0.000000000
92,0.000000000,0.000000000,0.000000000,0.000000000
93,0.000000000,0.000000000,0.000000000,0.000000000
94,0.000000000,0.000000000,0.000000000,0.000000000
95,0.000000000,0.000000000,0.000000000,0.000000000
96,0.000000000,0.000000000,0.000000000,0.000000000
97,0.000000000,0.000000000,0.000000000,0.000000000
98,0.000000000,0.000000000,0.000000000,0.000000000
99,0.000000000,0.000000000,0.000000000,0.000000000
100,0.000000000,0.000000000,0.000000000,0.000000000
