trial,weight_1,weight_2,weight_3,weight_4
0,0.500000000,0.500000000,0.500000000,0.500000000
1,0.506065307,0.507788008,0.491822592,0.493631428
2,0.512130613,0.515576016,0.483645184,0.487262856
3,0.518195920,0.523364023,0.475467775,0.480894284
4,0.524261226,0.531152031,0.467290367,0.474525712
5,0.530326533,0.538940039,0.459112959,0.468157140
6,0.536391840,0.546728047,0.450935551,0.461788568
7,0.542457146,0.554516055,0.442758142,0.455419997
8,0.548522453,0.562304063,0.434580734,0.449051425
9,0.554587759,0.570092070,0.426403326,0.442682853
10,0.560653066,0.577880078,0.418225918,0.436314281
11,0.566718373,0.585668086,0.410048510,0.429945709
12,0.572783679,0.593456094,0.401871101,0.423577137
13,0.578848986,0.601244102,0.393693693,0.417208565
14,0.584914292,0.609032110,0.385516285,0.410839993
15,0.590979599,0.616820117,0.377338877,0.404471421
16,0.597044906,0.624608125,0.369161468,0.398102849
17,0.603110212,0.632396133,0.360984060,0.391734277
18,0.609175519,0.640184141,0.352806652,0.385365705
19,0.615240825,0.647972149,0.344629244,0.378997133
20,0.621306132,0.655760157,0.336451836,0.372628561
21,0.627371439,0.663548164,0.328274427,0.366259990
22,0.633436745,0.671336172,0.320097019,0.359891418
23,0.639502052,0.679124180,0.311919611,0.353522846
24,0.645567358,0.686912188,0.303742203,0.347154274
25,0.651632665,0.694700196,0.295564794,0.340785702
26,0.657697972,0.702488204,0.287387386,0.334417130
27,0.663763278,0.710276211,0.279209978,0.328048558
28,0.669828585,0.718064219,0.271032570,0.321679986
29,0.675893891,0.725852227,0.262855162,0.315311414
30,0.681959198,0.733640235,0.254677753,0.308942842
31,0.688024505,0.741428243,0.246500345,0.302574270
32,0.694089811,0.749216251,0.238322937,0.296205698
33,0.700155118,0.757004258,0.230145529,0.289837126
34,0.706220424,0.764792266,0.221968120,0.283468554
35,0.712285731,0.772580274,0.213790712,0.277099983
36,0.718351037,0.780368282,0.205613304,0.270731411
37,0.724416344,0.788156290,0.197435896,0.264362839
38,0.730481651,0.795944298,0.189258488,0.257994267
39,0.736546957,0.803732305,0.181081079,0.251625695
40,0.742612264,0.811520313,0.172903671,0.245257123
41,0.748677570,0.819308321,0.164726263,0.238888551
42,0.754742877,0.827096329,0.156548855,0.232519979
43,0.760808184,0.834884337,0.148371446,0.226151407
44,0.766873490,0.842672345,0.140194038,0.219782835
45,0.772938797,0.850460352,0.132016630,0.213414263
46,0.779004103,0.858248360,0.123839222,0.207045691
47,0.785069410,0.866036368,0.115661814,0.200677119
48,0.791134717,0.873824376,0.107484405,0.194308548
49,0.797200023,0.881612384,0.099306997,0.187939976
50,0.803265330,0.889400392,0.091129589,0.181571404
51,0.809330636,0.897188399,0.082952181,0.175202832
52,0.815395943,0.904976407,0.074774772,0.168834260
53,0.821461250,0.912764415,0.066597364,0.162465688
54,0.827526556,0.920552423,0.058419956,0.156097116
55,0.833591863,0.928340431,0.050242548,0.149728544
56,0.839657169,0.936128439,0.042065140,0.143359972
57,0.845722476,0.943916446,0.033887731,0.136991400
58,0.851787783,0.951704454,0.025710323,0.130622828
59,0.857853089,0.959492462,0.017532915,0.124254256
60,0.863918396,0.967280470,0.009355507,0.117885684
61,0.869983702,0.975068478,0.001178098,0.111517112
62,0.876049009,0.982856486,0.000000000,0.105148541
63,0.882114316,0.990644493,0.000000000,0.098779969
64,0.888179622,0.998432501,0.000000000,0.092411397
65,0.894244929,1.000000000,0.000000000,0.086042825
66,0.900310235,1.000000000,0.000000000,0.079674253
67,0.906375542,1.000000000,0.000000000,0.073305681
68,0.912440849,1.000000000,0.000000000,0.066937109
69,0.918506155,1.000000000,0.000000000,0.060568537
70,0.924571462,1.000000000,0.000000000,0.054199965
71,0.930636768,1.000000000,0.000000000,0.047831393
72,0.936702075,1.000000000,0.000000000,0.041462821
73,0.942767382,1.000000000,0.000000000,0.035094249
74,0.948832688,1.000000000,0.000000000,0.028725677
75,0.954897995,1.000000000,0.000000000,0.022357105
76,0.960963301,1.000000000,0.000000000,0.015988534
77,0.967028608,1.000000000,0.000000000,0.009619962
78,0.973093915,1.000000000,0.000000000,0.003251390
79,0.979159221,1.000000000,0.000000000,0.000000000
80,0.985224528,1.000000000,0.000000000,0.000000000
81,0.991289834,1.000000000,0.000000000,0.000000000
82,0.997355141,1.000000000,0.000000000,0.000000000
83,1.000000000,1.000000000,0.000000000,0.000000000
84,1.000000000,1.000000000,0.000000000,0.000000000
85,1.000000000,1.000000000,0.000000000,0.000000000
86,1.000000000,1.000000000,0.000000000,0.000000000
87,1.000000000,1.000000000,0.000000000,0.000000000
88,1.000000000,1.000000000,0.000000000,0.000000000
89,1.000000000,1.000000000,0.000000000,0.000000000
90,1.000000000,1.000000000,0.000000000,0.000000000
91,1.000000000,1.000000000,0.000000000,0.000000000
92,1.000000000,1.000000000,0.000000000,0.000000000
93,1.000000000,1.000000000,0.000000000,0.000000000
94,1.000000000,1.000000000,0.000000000,0.000000000
95,1.000000000,1.000000000,0.000000000,0.000000000
96,1.000000000,1.000000000,0.000000000,0.000000000
97,1.000000000,1.000000000,0.000000000,0.000000000
98,1.000000000,1.000000000,0.000000000,0.000000000
99,1.000000000,1.000000000,0.000000000,0.000000000
100,1.000000000,1.000000000,0.000000000,0.000000000
