synaptic_weight_nA,neuron_1_spikes,neuron_2_spikes,neuron_3_spikes,neuron_4_spikes,neuron_5_spikes,total_spikes,propagation_depth
0.01,16,0,0,0,0,16,1
0.02,16,0,0,0,0,16,1
0.03,16,0,0,0,0,16,1
0.04,16,0,0,0,0,16,1
0.05,16,0,0,0,0,16,1
0.06,16,0,0,0,0,16,1
0.07,16,0,0,0,0,16,1
0.08,16,0,0,0,0,16,1
0.09,16,0,0,0,0,16,1
0.1,16,0,0,0,0,16,1
0.11,16,0,0,0,0,16,1
0.12,16,0,0,0,0,16,1
0.13,16,0,0,0,0,16,1
0.14,16,0,0,0,0,16,1
0.15,16,0,0,0,0,16,1
0.16,16,0,0,0,0,16,1
0.17,16,0,0,0,0,16,1
0.18,16,0,0,0,0,16,1
0.19,16,0,0,0,0,16,1
0.2,16,0,0,0,0,16,1
0.21,16,0,0,0,0,16,1
0.22,16,0,0,0,0,16,1
0.23,16,0,0,0,0,16,1
0.24,16,0,0,0,0,16,1
0.25,16,0,0,0,0,16,1
0.26,16,0,0,0,0,16,1
0.27,16,0,0,0,0,16,1
0.28,16,0,0,0,0,16,1
0.29,16,0,0,0,0,16,1
0.3,16,0,0,0,0,16,1
0.31,16,0,0,0,0,16,1
0.32,16,0,0,0,0,16,1
0.33,16,0,0,0,0,16,1
0.34,16,0,0,0,0,16,1
0.35000000000000003,16,0,0,0,0,16,1
0.36,16,0,0,0,0,16,1
0.37,16,0,0,0,0,16,1
0.38,16,0,0,0,0,16,1
0.39,16,0,0,0,0,16,1
0.4,16,0,0,0,0,16,1
0.41000000000000003,16,0,0,0,0,16,1
0.42,16,0,0,0,0,16,1
0.43,16,0,0,0,0,16,1
0.44,16,0,0,0,0,16,1
0.45,16,0,0,0,0,16,1
0.46,16,0,0,0,0,16,1
0.47000000000000003,16,0,0,0,0,16,1
0.48,16,0,0,0,0,16,1
0.49,16,0,0,0,0,16,1
0.5,16,0,0,0,0,16,1
0.51,16,0,0,0,0,16,1
0.52,16,0,0,0,0,16,1
0.53,16,0,0,0,0,16,1
0.54,16,0,0,0,0,16,1
0.55,16,0,0,0,0,16,1
0.56,16,0,0,0,0,16,1
0.5700000000000001,16,0,0,0,0,16,1
0.58,16,0,0,0,0,16,1
0.59,16,0,0,0,0,16,1
0.6,16,0,0,0,0,16,1
0.61,16,0,0,0,0,16,1
0.62,16,0,0,0,0,16,1
0.63,16,0,0,0,0,16,1
0.64,16,0,0,0,0,16,1
0.65,16,0,0,0,0,16,1
0.66,16,0,0,0,0,16,1
0.67,16,3,3,3,0,25,3
0.68,16,5,5,5,0,31,3
0.6900000000000001,16,5,5,5,0,31,3
0.7000000000000001,16,5,5,5,0,31,3
0.71,16,7,7,7,0,37,3
0.72,16,8,8,8,0,40,3
0.73,16,8,8,8,0,40,3
0.74,16,8,8,8,0,40,3
0.75,16,8,8,8,0,40,3
0.76,16,8,8,8,0,40,3
0.77,16,8,8,8,0,40,3
0.78,16,8,8,8,0,40,3
0.79,16,8,8,8,0,40,3
0.8,16,8,8,8,0,40,3
0.81,16,8,8,8,0,40,3
0.8200000000000001,16,8,8,8,0,40,3
0.8300000000000001,16,10,10,10,5,51,4
0.84,16,10,10,10,5,51,4
0.85,16,10,10,10,5,51,4
0.86,16,10,10,10,5,51,4
0.87,16,12,12,16,12,68,4
0.88,16,13,13,18,15,75,4
0.89,16,15,15,22,21,89,4
0.9,16,15,15,22,21,89,4
0.91,16,15,15,22,21,89,4
0.92,16,15,15,22,21,89,4
0.93,16,15,15,22,21,89,4
0.9400000000000001,16,15,15,22,21,89,4
0.9500000000000001,16,16,16,26,26,100,4
0.96,16,16,16,26,26,100,4
0.97,16,16,16,31,31,110,4
0.98,16,16,16,31,31,110,4
0.99,16,16,16,31,31,110,4
1.0,16,16,16,31,31,110,4
