neuron,spike_count,firing_rate_hz,mean_voltage_mv,max_voltage_mv
1,112,224.0,-60.581241606023774,-50.00028170960465
2,197,394.0,-64.23866485769747,-50.04745456332352
3,81,162.0,-60.7862845379544,-50.00209937395864
4,183,366.0,-63.861376987566004,-50.002600227380036
5,197,394.0,-64.17041755394217,-50.2625636138997
6,188,376.0,-63.99026694133945,-50.092984138568696
7,171,342.0,-63.52002668589058,-50.0405074875597
8,188,376.0,-63.916386492502824,-50.03539949617217
9,180,360.0,-63.75982269789596,-50.00105571463962
10,175,350.0,-63.65158009942913,-50.00186657384074
11,196,392.0,-64.26386600879528,-50.072525784734275
12,163,326.0,-63.270420011612075,-50.021210656920786
13,175,350.0,-62.91220324034897,-50.006597621617274
14,176,352.0,-63.60257106712286,-50.074693318101076
15,197,394.0,-64.1630298784492,-50.00048699146546
16,179,358.0,-63.74010112626955,-50.04058662534923
17,179,358.0,-63.75657390222368,-50.01508495168658
18,190,380.0,-63.30574430960724,-50.029185441905966
19,186,372.0,-63.97690501908277,-50.02521540953284
20,197,394.0,-64.292376507413,-50.17693980902212
21,206,412.0,-64.60286387136287,-50.13019257222314
22,198,396.0,-64.16361991587048,-50.20675378877183
23,207,414.0,-64.57385814059548,-50.016310909001405
24,165,330.0,-62.635579504359185,-50.00470517993149
25,180,360.0,-63.73843611773336,-50.03639949353937
26,169,338.0,-63.43873373526771,-50.002926196847156
27,203,406.0,-63.72496654215693,-50.001919781872274
28,182,364.0,-63.76775377010044,-50.00432641204043
29,165,330.0,-63.31707398749926,-50.01604794084408
30,189,378.0,-63.89339476403955,-50.01367252312114
31,149,298.0,-62.875864503537585,-50.004679034206106
32,203,406.0,-64.38247711019592,-50.01214496544819
33,186,372.0,-63.917957786022576,-50.01138231129491
34,187,374.0,-64.0699123908618,-50.01126321208447
35,159,318.0,-63.15337369319611,-50.00121758321293
36,173,346.0,-63.57125259154418,-50.07584822838328
37,184,368.0,-63.86694572471222,-50.02005895772115
38,146,292.0,-62.75756514673332,-50.02985925879326
39,174,348.0,-63.50636717606742,-50.00205468102571
40,196,392.0,-64.30028362065399,-50.47040001192381
41,179,358.0,-63.75075358881932,-50.06837160412385
42,187,374.0,-63.9480837297768,-50.04210210029952
43,194,388.0,-64.13633608355248,-50.00031703504921
44,178,356.0,-63.765010547998244,-50.0197757020087
45,143,286.0,-62.70299741505303,-50.01522058837057
46,146,292.0,-62.81072539850384,-50.005179156609636
47,181,362.0,-63.743857618915214,-50.012215954996606
48,165,330.0,-63.36318024032184,-50.004201961646615
49,180,360.0,-63.695477859029985,-50.08322000949561
50,106,212.0,-61.589699258888736,-50.00223467390712
51,189,378.0,-63.94026539452502,-50.038320237376254
52,175,350.0,-63.645684844734475,-50.02405932122251
53,188,376.0,-63.93772056225302,-50.00957770032506
54,150,300.0,-62.86396984488336,-50.00800079244529
55,180,360.0,-63.75892503037373,-50.02886045309622
56,188,376.0,-63.98467317455095,-50.09564082411765
57,196,392.0,-64.28247103180382,-50.03854244478097
58,199,398.0,-64.18978107234453,-50.01237611669322
59,178,356.0,-63.736563488300575,-50.02817861855468
60,168,336.0,-63.40180402472153,-50.00682366419882
61,169,338.0,-63.446367059358515,-50.00888266156181
62,188,376.0,-63.95385178290134,-50.016598161979836
63,197,394.0,-63.59282637466372,-50.029185441905966
64,187,374.0,-63.94392761895388,-50.01422583650691
65,188,376.0,-64.00016670407726,-50.04466773782242
66,188,376.0,-64.01696931495421,-50.068661177009595
67,178,356.0,-63.7559193106728,-50.003193850317984
68,196,392.0,-64.29194541289725,-50.034402248627856
69,179,358.0,-63.772006744852966,-50.000963174785724
70,180,360.0,-63.71800556159023,-50.010329969823815
71,186,372.0,-63.23062548571614,-50.00780559388326
72,167,334.0,-63.31383303872725,-50.00991353019597
73,188,376.0,-63.89796831241354,-50.012063308993035
74,171,342.0,-63.43908141098233,-50.012126150498176
75,111,222.0,-61.695426935473826,-50.00927029411545
76,187,374.0,-64.0333215482228,-50.16199565590327
77,178,356.0,-63.68822724191957,-50.003553823374986
78,186,372.0,-63.90280388697471,-50.00110027872605
79,175,350.0,-63.64805079563199,-50.020457952218955
80,187,374.0,-64.02746368166738,-50.10760784123654
81,197,394.0,-64.26225254762667,-50.01584601356565
82,105,210.0,-61.57496306452041,-50.001767602561635
83,196,392.0,-64.27247107007682,-50.01131138600077
84,189,378.0,-63.917268839453484,-50.009919522994615
85,113,226.0,-61.76924478317863,-50.009614432121985
86,189,378.0,-63.91243547194464,-50.017884380575516
87,197,394.0,-64.22602364371633,-50.045113413567364
88,188,376.0,-63.31323248070485,-50.00265290765966
89,189,378.0,-63.30080606366175,-50.029185441905966
90,188,376.0,-63.99905488308348,-50.028998766171725
91,196,392.0,-64.28223641724652,-50.13522568811585
92,197,394.0,-64.17530601065003,-50.202122959255604
93,198,396.0,-63.52925848924378,-50.029185441905966
94,188,376.0,-64.02809998292713,-50.30996995935887
95,178,356.0,-63.758456677042524,-50.021179752615694
96,114,228.0,-61.72177907205549,-50.024277869430435
97,197,394.0,-64.19509786018216,-50.456272611812956
98,176,352.0,-62.959798834480296,-50.008313700676595
99,178,356.0,-63.75834919748322,-50.01611216659742
100,131,262.0,-62.32297410168049,-50.007541078685335
