time_ms,current_nA,voltage_mv,spike
0.000000,0.200000,-65.000000,0
0.100000,0.200000,-64.900000,0
0.200000,0.200000,-64.800500,0
0.300000,0.200000,-64.701498,0
0.400000,0.200000,-64.602990,0
0.500000,0.200000,-64.504975,0
0.600000,0.200000,-64.407450,0
0.700000,0.200000,-64.310413,0
0.800000,0.200000,-64.213861,0
0.900000,0.200000,-64.117792,0
1.000000,0.200000,-64.022203,0
1.100000,0.200000,-63.927092,0
1.200000,0.200000,-63.832456,0
1.300000,0.200000,-63.738294,0
1.400000,0.200000,-63.644602,0
1.500000,0.200000,-63.551379,0
1.600000,0.200000,-63.458622,0
1.700000,0.200000,-63.366329,0
1.800000,0.200000,-63.274498,0
1.900000,0.200000,-63.183125,0
2.000000,0.200000,-63.092210,0
2.100000,0.200000,-63.001749,0
2.200000,0.200000,-62.911740,0
2.300000,0.200000,-62.822181,0
2.400000,0.200000,-62.733070,0
2.500000,0.200000,-62.644405,0
2.600000,0.200000,-62.556183,0
2.700000,0.200000,-62.468402,0
2.800000,0.200000,-62.381060,0
2.900000,0.200000,-62.294155,0
3.000000,0.200000,-62.207684,0
3.100000,0.200000,-62.121645,0
3.200000,0.200000,-62.036037,0
3.300000,0.200000,-61.950857,0
3.400000,0.200000,-61.866103,0
3.500000,0.200000,-61.781772,0
3.600000,0.200000,-61.697863,0
3.700000,0.200000,-61.614374,0
3.800000,0.200000,-61.531302,0
3.900000,0.200000,-61.448646,0
4.000000,0.200000,-61.366402,0
4.100000,0.200000,-61.284570,0
4.200000,0.200000,-61.203148,0
4.300000,0.200000,-61.122132,0
4.400000,0.200000,-61.041521,0
4.500000,0.200000,-60.961314,0
4.600000,0.200000,-60.881507,0
4.700000,0.200000,-60.802099,0
4.800000,0.200000,-60.723089,0
4.900000,0.200000,-60.644474,0
5.000000,0.200000,-60.566251,0
5.100000,0.200000,-60.488420,0
5.200000,0.200000,-60.410978,0
5.300000,0.200000,-60.333923,0
5.400000,0.200000,-60.257253,0
5.500000,0.200000,-60.180967,0
5.600000,0.200000,-60.105062,0
5.700000,0.200000,-60.029537,0
5.800000,0.200000,-59.954389,0
5.900000,0.200000,-59.879617,0
6.000000,0.200000,-59.805219,0
6.100000,0.200000,-59.731193,0
6.200000,0.200000,-59.657537,0
6.300000,0.200000,-59.584249,0
6.400000,0.200000,-59.511328,0
6.500000,0.200000,-59.438772,0
6.600000,0.200000,-59.366578,0
6.700000,0.200000,-59.294745,0
6.800000,0.200000,-59.223271,0
6.900000,0.200000,-59.152155,0
7.000000,0.200000,-59.081394,0
7.100000,0.200000,-59.010987,0
7.200000,0.200000,-58.940932,0
7.300000,0.200000,-58.871227,0
7.400000,0.200000,-58.801871,0
7.500000,0.200000,-58.732862,0
7.600000,0.200000,-58.664198,0
7.700000,0.200000,-58.595877,0
7.800000,0.200000,-58.527897,0
7.900000,0.200000,-58.460258,0
8.000000,0.200000,-58.392956,0
8.100000,0.200000,-58.325992,0
8.200000,0.200000,-58.259362,0
8.300000,0.200000,-58.193065,0
8.400000,0.200000,-58.127100,0
8.500000,0.200000,-58.061464,0
8.600000,0.200000,-57.996157,0
8.700000,0.200000,-57.931176,0
8.800000,0.200000,-57.866520,0
8.900000,0.200000,-57.802187,0
9.000000,0.200000,-57.738177,0
9.100000,0.200000,-57.674486,0
9.200000,0.200000,-57.611113,0
9.300000,0.200000,-57.548058,0
9.400000,0.200000,-57.485317,0
9.500000,0.200000,-57.422891,0
9.600000,0.200000,-57.360776,0
9.700000,0.200000,-57.298972,0
9.800000,0.200000,-57.237478,0
9.900000,0.200000,-57.176290,0
10.000000,0.200000,-57.115409,0
10.100000,0.200000,-57.054832,0
10.200000,0.200000,-56.994558,0
10.300000,0.200000,-56.934585,0
10.400000,0.200000,-56.874912,0
10.500000,0.200000,-56.815537,0
10.600000,0.200000,-56.756460,0
10.700000,0.200000,-56.697677,0
10.800000,0.200000,-56.639189,0
10.900000,0.200000,-56.580993,0
11.000000,0.200000,-56.523088,0
11.100000,0.200000,-56.465473,0
11.200000,0.200000,-56.408145,0
11.300000,0.200000,-56.351104,0
11.400000,0.200000,-56.294349,0
11.500000,0.200000,-56.237877,0
11.600000,0.200000,-56.181688,0
11.700000,0.200000,-56.125779,0
11.800000,0.200000,-56.070150,0
11.900000,0.200000,-56.014800,0
12.000000,0.200000,-55.959726,0
12.100000,0.200000,-55.904927,0
12.200000,0.200000,-55.850402,0
12.300000,0.200000,-55.796150,0
12.400000,0.200000,-55.742170,0
12.500000,0.200000,-55.688459,0
12.600000,0.200000,-55.635017,0
12.700000,0.200000,-55.581841,0
12.800000,0.200000,-55.528932,0
12.900000,0.200000,-55.476288,0
13.000000,0.200000,-55.423906,0
13.100000,0.200000,-55.371787,0
13.200000,0.200000,-55.319928,0
13.300000,0.200000,-55.268328,0
13.400000,0.200000,-55.216986,0
13.500000,0.200000,-55.165901,0
13.600000,0.200000,-55.115072,0
13.700000,0.200000,-55.064497,0
13.800000,0.200000,-55.014174,0
13.900000,0.200000,-65.000000,1
14.000000,0.200000,-65.000000,0
14.100000,0.200000,-65.000000,0
14.200000,0.200000,-65.000000,0
14.300000,0.200000,-65.000000,0
14.400000,0.200000,-65.000000,0
14.500000,0.200000,-65.000000,0
14.600000,0.200000,-65.000000,0
14.700000,0.200000,-65.000000,0
14.800000,0.200000,-65.000000,0
14.900000,0.200000,-65.000000,0
15.000000,0.200000,-65.000000,0
15.100000,0.200000,-65.000000,0
15.200000,0.200000,-65.000000,0
15.300000,0.200000,-65.000000,0
15.400000,0.200000,-65.000000,0
15.500000,0.200000,-65.000000,0
15.600000,0.200000,-65.000000,0
15.700000,0.200000,-65.000000,0
15.800000,0.200000,-65.000000,0
15.900000,0.200000,-65.000000,0
16.000000,0.200000,-65.000000,0
16.100000,0.200000,-65.000000,0
16.200000,0.200000,-65.000000,0
16.300000,0.200000,-65.000000,0
16.400000,0.200000,-65.000000,0
16.500000,0.200000,-65.000000,0
16.600000,0.200000,-65.000000,0
16.700000,0.200000,-65.000000,0
16.800000,0.200000,-65.000000,0
16.900000,0.200000,-65.000000,0
17.000000,0.200000,-65.000000,0
17.100000,0.200000,-65.000000,0
17.200000,0.200000,-65.000000,0
17.300000,0.200000,-65.000000,0
17.400000,0.200000,-65.000000,0
17.500000,0.200000,-65.000000,0
17.600000,0.200000,-65.000000,0
17.700000,0.200000,-65.000000,0
17.800000,0.200000,-65.000000,0
17.900000,0.200000,-65.000000,0
18.000000,0.200000,-65.000000,0
18.100000,0.200000,-65.000000,0
18.200000,0.200000,-65.000000,0
18.300000,0.200000,-65.000000,0
18.400000,0.200000,-65.000000,0
18.500000,0.200000,-65.000000,0
18.600000,0.200000,-65.000000,0
18.700000,0.200000,-65.000000,0
18.800000,0.200000,-65.000000,0
18.900000,0.200000,-65.000000,0
19.000000,0.200000,-64.900000,0
19.100000,0.200000,-64.800500,0
19.200000,0.200000,-64.701498,0
19.300000,0.200000,-64.602990,0
19.400000,0.200000,-64.504975,0
19.500000,0.200000,-64.407450,0
19.600000,0.200000,-64.310413,0
19.700000,0.200000,-64.213861,0
19.800000,0.200000,-64.117792,0
19.900000,0.200000,-64.022203,0
20.000000,0.200000,-63.927092,0
20.100000,0.200000,-63.832456,0
20.200000,0.200000,-63.738294,0
20.300000,0.200000,-63.644602,0
20.400000,0.200000,-63.551379,0
20.500000,0.200000,-63.458622,0
20.600000,0.200000,-63.366329,0
20.700000,0.200000,-63.274498,0
20.800000,0.200000,-63.183125,0
20.900000,0.200000,-63.092210,0
21.000000,0.200000,-63.001749,0
21.100000,0.200000,-62.911740,0
21.200000,0.200000,-62.822181,0
21.300000,0.200000,-62.733070,0
21.400000,0.200000,-62.644405,0
21.500000,0.200000,-62.556183,0
21.600000,0.200000,-62.468402,0
21.700000,0.200000,-62.381060,0
21.800000,0.200000,-62.294155,0
21.900000,0.200000,-62.207684,0
22.000000,0.200000,-62.121645,0
22.100000,0.200000,-62.036037,0
22.200000,0.200000,-61.950857,0
22.300000,0.200000,-61.866103,0
22.400000,0.200000,-61.781772,0
22.500000,0.200000,-61.697863,0
22.600000,0.200000,-61.614374,0
22.700000,0.200000,-61.531302,0
22.800000,0.200000,-61.448646,0
22.900000,0.200000,-61.366402,0
23.000000,0.200000,-61.284570,0
23.100000,0.200000,-61.203148,0
23.200000,0.200000,-61.122132,0
23.300000,0.200000,-61.041521,0
23.400000,0.200000,-60.961314,0
23.500000,0.200000,-60.881507,0
23.600000,0.200000,-60.802099,0
23.700000,0.200000,-60.723089,0
23.800000,0.200000,-60.644474,0
23.900000,0.200000,-60.566251,0
24.000000,0.200000,-60.488420,0
24.100000,0.200000,-60.410978,0
24.200000,0.200000,-60.333923,0
24.300000,0.200000,-60.257253,0
24.400000,0.200000,-60.180967,0
24.500000,0.200000,-60.105062,0
24.600000,0.200000,-60.029537,0
24.700000,0.200000,-59.954389,0
24.800000,0.200000,-59.879617,0
24.900000,0.200000,-59.805219,0
25.000000,0.200000,-59.731193,0
25.100000,0.200000,-59.657537,0
25.200000,0.200000,-59.584249,0
25.300000,0.200000,-59.511328,0
25.400000,0.200000,-59.438772,0
25.500000,0.200000,-59.366578,0
25.600000,0.200000,-59.294745,0
25.700000,0.200000,-59.223271,0
25.800000,0.200000,-59.152155,0
25.900000,0.200000,-59.081394,0
26.000000,0.200000,-59.010987,0
26.100000,0.200000,-58.940932,0
26.200000,0.200000,-58.871227,0
26.300000,0.200000,-58.801871,0
26.400000,0.200000,-58.732862,0
26.500000,0.200000,-58.664198,0
26.600000,0.200000,-58.595877,0
26.700000,0.200000,-58.527897,0
26.800000,0.200000,-58.460258,0
26.900000,0.200000,-58.392956,0
27.000000,0.200000,-58.325992,0
27.100000,0.200000,-58.259362,0
27.200000,0.200000,-58.193065,0
27.300000,0.200000,-58.127100,0
27.400000,0.200000,-58.061464,0
27.500000,0.200000,-57.996157,0
27.600000,0.200000,-57.931176,0
27.700000,0.200000,-57.866520,0
27.800000,0.200000,-57.802187,0
27.900000,0.200000,-57.738177,0
28.000000,0.200000,-57.674486,0
28.100000,0.200000,-57.611113,0
28.200000,0.200000,-57.548058,0
28.300000,0.200000,-57.485317,0
28.400000,0.200000,-57.422891,0
28.500000,0.200000,-57.360776,0
28.600000,0.200000,-57.298972,0
28.700000,0.200000,-57.237478,0
28.800000,0.200000,-57.176290,0
28.900000,0.200000,-57.115409,0
29.000000,0.200000,-57.054832,0
29.100000,0.200000,-56.994558,0
29.200000,0.200000,-56.934585,0
29.300000,0.200000,-56.874912,0
29.400000,0.200000,-56.815537,0
29.500000,0.200000,-56.756460,0
29.600000,0.200000,-56.697677,0
29.700000,0.200000,-56.639189,0
29.800000,0.200000,-56.580993,0
29.900000,0.200000,-56.523088,0
30.000000,0.200000,-56.465473,0
30.100000,0.200000,-56.408145,0
30.200000,0.200000,-56.351104,0
30.300000,0.200000,-56.294349,0
30.400000,0.200000,-56.237877,0
30.500000,0.200000,-56.181688,0
30.600000,0.200000,-56.125779,0
30.700000,0.200000,-56.070150,0
30.800000,0.200000,-56.014800,0
30.900000,0.200000,-55.959726,0
31.000000,0.200000,-55.904927,0
31.100000,0.200000,-55.850402,0
31.200000,0.200000,-55.796150,0
31.300000,0.200000,-55.742170,0
31.400000,0.200000,-55.688459,0
31.500000,0.200000,-55.635017,0
31.600000,0.200000,-55.581841,0
31.700000,0.200000,-55.528932,0
31.800000,0.200000,-55.476288,0
31.900000,0.200000,-55.423906,0
32.000000,0.200000,-55.371787,0
32.100000,0.200000,-55.319928,0
32.200000,0.200000,-55.268328,0
32.300000,0.200000,-55.216986,0
32.400000,0.200000,-55.165901,0
32.500000,0.200000,-55.115072,0
32.600000,0.200000,-55.064497,0
32.700000,0.200000,-55.014174,0
32.800000,0.200000,-65.000000,1
32.900000,0.200000,-65.000000,0
33.000000,0.200000,-65.000000,0
33.100000,0.200000,-65.000000,0
33.200000,0.200000,-65.000000,0
33.300000,0.200000,-65.000000,0
33.400000,0.200000,-65.000000,0
33.500000,0.200000,-65.000000,0
33.600000,0.200000,-65.000000,0
33.700000,0.200000,-65.000000,0
33.800000,0.200000,-65.000000,0
33.900000,0.200000,-65.000000,0
34.000000,0.200000,-65.000000,0
34.100000,0.200000,-65.000000,0
34.200000,0.200000,-65.000000,0
34.300000,0.200000,-65.000000,0
34.400000,0.200000,-65.000000,0
34.500000,0.200000,-65.000000,0
34.600000,0.200000,-65.000000,0
34.700000,0.200000,-65.000000,0
34.800000,0.200000,-65.000000,0
34.900000,0.200000,-65.000000,0
35.000000,0.200000,-65.000000,0
35.100000,0.200000,-65.000000,0
35.200000,0.200000,-65.000000,0
35.300000,0.200000,-65.000000,0
35.400000,0.200000,-65.000000,0
35.500000,0.200000,-65.000000,0
35.600000,0.200000,-65.000000,0
35.700000,0.200000,-65.000000,0
35.800000,0.200000,-65.000000,0
35.900000,0.200000,-65.000000,0
36.000000,0.200000,-65.000000,0
36.100000,0.200000,-65.000000,0
36.200000,0.200000,-65.000000,0
36.300000,0.200000,-65.000000,0
36.400000,0.200000,-65.000000,0
36.500000,0.200000,-65.000000,0
36.600000,0.200000,-65.000000,0
36.700000,0.200000,-65.000000,0
36.800000,0.200000,-65.000000,0
36.900000,0.200000,-65.000000,0
37.000000,0.200000,-65.000000,0
37.100000,0.200000,-65.000000,0
37.200000,0.200000,-65.000000,0
37.300000,0.200000,-65.000000,0
37.400000,0.200000,-65.000000,0
37.500000,0.200000,-65.000000,0
37.600000,0.200000,-65.000000,0
37.700000,0.200000,-65.000000,0
37.800000,0.200000,-65.000000,0
37.900000,0.200000,-64.900000,0
38.000000,0.200000,-64.800500,0
38.100000,0.200000,-64.701498,0
38.200000,0.200000,-64.602990,0
38.300000,0.200000,-64.504975,0
38.400000,0.200000,-64.407450,0
38.500000,0.200000,-64.310413,0
38.600000,0.200000,-64.213861,0
38.700000,0.200000,-64.117792,0
38.800000,0.200000,-64.022203,0
38.900000,0.200000,-63.927092,0
39.000000,0.200000,-63.832456,0
39.100000,0.200000,-63.738294,0
39.200000,0.200000,-63.644602,0
39.300000,0.200000,-63.551379,0
39.400000,0.200000,-63.458622,0
39.500000,0.200000,-63.366329,0
39.600000,0.200000,-63.274498,0
39.700000,0.200000,-63.183125,0
39.800000,0.200000,-63.092210,0
39.900000,0.200000,-63.001749,0
40.000000,0.200000,-62.911740,0
40.100000,0.200000,-62.822181,0
40.200000,0.200000,-62.733070,0
40.300000,0.200000,-62.644405,0
40.400000,0.200000,-62.556183,0
40.500000,0.200000,-62.468402,0
40.600000,0.200000,-62.381060,0
40.700000,0.200000,-62.294155,0
40.800000,0.200000,-62.207684,0
40.900000,0.200000,-62.121645,0
41.000000,0.200000,-62.036037,0
41.100000,0.200000,-61.950857,0
41.200000,0.200000,-61.866103,0
41.300000,0.200000,-61.781772,0
41.400000,0.200000,-61.697863,0
41.500000,0.200000,-61.614374,0
41.600000,0.200000,-61.531302,0
41.700000,0.200000,-61.448646,0
41.800000,0.200000,-61.366402,0
41.900000,0.200000,-61.284570,0
42.000000,0.200000,-61.203148,0
42.100000,0.200000,-61.122132,0
42.200000,0.200000,-61.041521,0
42.300000,0.200000,-60.961314,0
42.400000,0.200000,-60.881507,0
42.500000,0.200000,-60.802099,0
42.600000,0.200000,-60.723089,0
42.700000,0.200000,-60.644474,0
42.800000,0.200000,-60.566251,0
42.900000,0.200000,-60.488420,0
43.000000,0.200000,-60.410978,0
43.100000,0.200000,-60.333923,0
43.200000,0.200000,-60.257253,0
43.300000,0.200000,-60.180967,0
43.400000,0.200000,-60.105062,0
43.500000,0.200000,-60.029537,0
43.600000,0.200000,-59.954389,0
43.700000,0.200000,-59.879617,0
43.800000,0.200000,-59.805219,0
43.900000,0.200000,-59.731193,0
44.000000,0.200000,-59.657537,0
44.100000,0.200000,-59.584249,0
44.200000,0.200000,-59.511328,0
44.300000,0.200000,-59.438772,0
44.400000,0.200000,-59.366578,0
44.500000,0.200000,-59.294745,0
44.600000,0.200000,-59.223271,0
44.700000,0.200000,-59.152155,0
44.800000,0.200000,-59.081394,0
44.900000,0.200000,-59.010987,0
45.000000,0.200000,-58.940932,0
45.100000,0.200000,-58.871227,0
45.200000,0.200000,-58.801871,0
45.300000,0.200000,-58.732862,0
45.400000,0.200000,-58.664198,0
45.500000,0.200000,-58.595877,0
45.600000,0.200000,-58.527897,0
45.700000,0.200000,-58.460258,0
45.800000,0.200000,-58.392956,0
45.900000,0.200000,-58.325992,0
46.000000,0.200000,-58.259362,0
46.100000,0.200000,-58.193065,0
46.200000,0.200000,-58.127100,0
46.300000,0.200000,-58.061464,0
46.400000,0.200000,-57.996157,0
46.500000,0.200000,-57.931176,0
46.600000,0.200000,-57.866520,0
46.700000,0.200000,-57.802187,0
46.800000,0.200000,-57.738177,0
46.900000,0.200000,-57.674486,0
47.000000,0.200000,-57.611113,0
47.100000,0.200000,-57.548058,0
47.200000,0.200000,-57.485317,0
47.300000,0.200000,-57.422891,0
47.400000,0.200000,-57.360776,0
47.500000,0.200000,-57.298972,0
47.600000,0.200000,-57.237478,0
47.700000,0.200000,-57.176290,0
47.800000,0.200000,-57.115409,0
47.900000,0.200000,-57.054832,0
48.000000,0.200000,-56.994558,0
48.100000,0.200000,-56.934585,0
48.200000,0.200000,-56.874912,0
48.300000,0.200000,-56.815537,0
48.400000,0.200000,-56.756460,0
48.500000,0.200000,-56.697677,0
48.600000,0.200000,-56.639189,0
48.700000,0.200000,-56.580993,0
48.800000,0.200000,-56.523088,0
48.900000,0.200000,-56.465473,0
49.000000,0.200000,-56.408145,0
49.100000,0.200000,-56.351104,0
49.200000,0.200000,-56.294349,0
49.300000,0.200000,-56.237877,0
49.400000,0.200000,-56.181688,0
49.500000,0.200000,-56.125779,0
49.600000,0.200000,-56.070150,0
49.700000,0.200000,-56.014800,0
49.800000,0.200000,-55.959726,0
49.900000,0.200000,-55.904927,0
50.000000,0.200000,-55.850402,0
50.100000,0.200000,-55.796150,0
50.200000,0.200000,-55.742170,0
50.300000,0.200000,-55.688459,0
50.400000,0.200000,-55.635017,0
50.500000,0.200000,-55.581841,0
50.600000,0.200000,-55.528932,0
50.700000,0.200000,-55.476288,0
50.800000,0.200000,-55.423906,0
50.900000,0.200000,-55.371787,0
51.000000,0.200000,-55.319928,0
51.100000,0.200000,-55.268328,0
51.200000,0.200000,-55.216986,0
51.300000,0.200000,-55.165901,0
51.400000,0.200000,-55.115072,0
51.500000,0.200000,-55.064497,0
51.600000,0.200000,-55.014174,0
51.700000,0.200000,-65.000000,1
51.800000,0.200000,-65.000000,0
51.900000,0.200000,-65.000000,0
52.000000,0.200000,-65.000000,0
52.100000,0.200000,-65.000000,0
52.200000,0.200000,-65.000000,0
52.300000,0.200000,-65.000000,0
52.400000,0.200000,-65.000000,0
52.500000,0.200000,-65.000000,0
52.600000,0.200000,-65.000000,0
52.700000,0.200000,-65.000000,0
52.800000,0.200000,-65.000000,0
52.900000,0.200000,-65.000000,0
53.000000,0.200000,-65.000000,0
53.100000,0.200000,-65.000000,0
53.200000,0.200000,-65.000000,0
53.300000,0.200000,-65.000000,0
53.400000,0.200000,-65.000000,0
53.500000,0.200000,-65.000000,0
53.600000,0.200000,-65.000000,0
53.700000,0.200000,-65.000000,0
53.800000,0.200000,-65.000000,0
53.900000,0.200000,-65.000000,0
54.000000,0.200000,-65.000000,0
54.100000,0.200000,-65.000000,0
54.200000,0.200000,-65.000000,0
54.300000,0.200000,-65.000000,0
54.400000,0.200000,-65.000000,0
54.500000,0.200000,-65.000000,0
54.600000,0.200000,-65.000000,0
54.700000,0.200000,-65.000000,0
54.800000,0.200000,-65.000000,0
54.900000,0.200000,-65.000000,0
55.000000,0.200000,-65.000000,0
55.100000,0.200000,-65.000000,0
55.200000,0.200000,-65.000000,0
55.300000,0.200000,-65.000000,0
55.400000,0.200000,-65.000000,0
55.500000,0.200000,-65.000000,0
55.600000,0.200000,-65.000000,0
55.700000,0.200000,-65.000000,0
55.800000,0.200000,-65.000000,0
55.900000,0.200000,-65.000000,0
56.000000,0.200000,-65.000000,0
56.100000,0.200000,-65.000000,0
56.200000,0.200000,-65.000000,0
56.300000,0.200000,-65.000000,0
56.400000,0.200000,-65.000000,0
56.500000,0.200000,-65.000000,0
56.600000,0.200000,-65.000000,0
56.700000,0.200000,-65.000000,0
56.800000,0.200000,-64.900000,0
56.900000,0.200000,-64.800500,0
57.000000,0.200000,-64.701498,0
57.100000,0.200000,-64.602990,0
57.200000,0.200000,-64.504975,0
57.300000,0.200000,-64.407450,0
57.400000,0.200000,-64.310413,0
57.500000,0.200000,-64.213861,0
57.600000,0.200000,-64.117792,0
57.700000,0.200000,-64.022203,0
57.800000,0.200000,-63.927092,0
57.900000,0.200000,-63.832456,0
58.000000,0.200000,-63.738294,0
58.100000,0.200000,-63.644602,0
58.200000,0.200000,-63.551379,0
58.300000,0.200000,-63.458622,0
58.400000,0.200000,-63.366329,0
58.500000,0.200000,-63.274498,0
58.600000,0.200000,-63.183125,0
58.700000,0.200000,-63.092210,0
58.800000,0.200000,-63.001749,0
58.900000,0.200000,-62.911740,0
59.000000,0.200000,-62.822181,0
59.100000,0.200000,-62.733070,0
59.200000,0.200000,-62.644405,0
59.300000,0.200000,-62.556183,0
59.400000,0.200000,-62.468402,0
59.500000,0.200000,-62.381060,0
59.600000,0.200000,-62.294155,0
59.700000,0.200000,-62.207684,0
59.800000,0.200000,-62.121645,0
59.900000,0.200000,-62.036037,0
60.000000,0.200000,-61.950857,0
60.100000,0.200000,-61.866103,0
60.200000,0.200000,-61.781772,0
60.300000,0.200000,-61.697863,0
60.400000,0.200000,-61.614374,0
60.500000,0.200000,-61.531302,0
60.600000,0.200000,-61.448646,0
60.700000,0.200000,-61.366402,0
60.800000,0.200000,-61.284570,0
60.900000,0.200000,-61.203148,0
61.000000,0.200000,-61.122132,0
61.100000,0.200000,-61.041521,0
61.200000,0.200000,-60.961314,0
61.300000,0.200000,-60.881507,0
61.400000,0.200000,-60.802099,0
61.500000,0.200000,-60.723089,0
61.600000,0.200000,-60.644474,0
61.700000,0.200000,-60.566251,0
61.800000,0.200000,-60.488420,0
61.900000,0.200000,-60.410978,0
62.000000,0.200000,-60.333923,0
62.100000,0.200000,-60.257253,0
62.200000,0.200000,-60.180967,0
62.300000,0.200000,-60.105062,0
62.400000,0.200000,-60.029537,0
62.500000,0.200000,-59.954389,0
62.600000,0.200000,-59.879617,0
62.700000,0.200000,-59.805219,0
62.800000,0.200000,-59.731193,0
62.900000,0.200000,-59.657537,0
63.000000,0.200000,-59.584249,0
63.100000,0.200000,-59.511328,0
63.200000,0.200000,-59.438772,0
63.300000,0.200000,-59.366578,0
63.400000,0.200000,-59.294745,0
63.500000,0.200000,-59.223271,0
63.600000,0.200000,-59.152155,0
63.700000,0.200000,-59.081394,0
63.800000,0.200000,-59.010987,0
63.900000,0.200000,-58.940932,0
64.000000,0.200000,-58.871227,0
64.100000,0.200000,-58.801871,0
64.200000,0.200000,-58.732862,0
64.300000,0.200000,-58.664198,0
64.400000,0.200000,-58.595877,0
64.500000,0.200000,-58.527897,0
64.600000,0.200000,-58.460258,0
64.700000,0.200000,-58.392956,0
64.800000,0.200000,-58.325992,0
64.900000,0.200000,-58.259362,0
65.000000,0.200000,-58.193065,0
65.100000,0.200000,-58.127100,0
65.200000,0.200000,-58.061464,0
65.300000,0.200000,-57.996157,0
65.400000,0.200000,-57.931176,0
65.500000,0.200000,-57.866520,0
65.600000,0.200000,-57.802187,0
65.700000,0.200000,-57.738177,0
65.800000,0.200000,-57.674486,0
65.900000,0.200000,-57.611113,0
66.000000,0.200000,-57.548058,0
66.100000,0.200000,-57.485317,0
66.200000,0.200000,-57.422891,0
66.300000,0.200000,-57.360776,0
66.400000,0.200000,-57.298972,0
66.500000,0.200000,-57.237478,0
66.600000,0.200000,-57.176290,0
66.700000,0.200000,-57.115409,0
66.800000,0.200000,-57.054832,0
66.900000,0.200000,-56.994558,0
67.000000,0.200000,-56.934585,0
67.100000,0.200000,-56.874912,0
67.200000,0.200000,-56.815537,0
67.300000,0.200000,-56.756460,0
67.400000,0.200000,-56.697677,0
67.500000,0.200000,-56.639189,0
67.600000,0.200000,-56.580993,0
67.700000,0.200000,-56.523088,0
67.800000,0.200000,-56.465473,0
67.900000,0.200000,-56.408145,0
68.000000,0.200000,-56.351104,0
68.100000,0.200000,-56.294349,0
68.200000,0.200000,-56.237877,0
68.300000,0.200000,-56.181688,0
68.400000,0.200000,-56.125779,0
68.500000,0.200000,-56.070150,0
68.600000,0.200000,-56.014800,0
68.700000,0.200000,-55.959726,0
68.800000,0.200000,-55.904927,0
68.900000,0.200000,-55.850402,0
69.000000,0.200000,-55.796150,0
69.100000,0.200000,-55.742170,0
69.200000,0.200000,-55.688459,0
69.300000,0.200000,-55.635017,0
69.400000,0.200000,-55.581841,0
69.500000,0.200000,-55.528932,0
69.600000,0.200000,-55.476288,0
69.700000,0.200000,-55.423906,0
69.800000,0.200000,-55.371787,0
69.900000,0.200000,-55.319928,0
70.000000,0.200000,-55.268328,0
70.100000,0.200000,-55.216986,0
70.200000,0.200000,-55.165901,0
70.300000,0.200000,-55.115072,0
70.400000,0.200000,-55.064497,0
70.500000,0.200000,-55.014174,0
70.600000,0.200000,-65.000000,1
70.700000,0.200000,-65.000000,0
70.800000,0.200000,-65.000000,0
70.900000,0.200000,-65.000000,0
71.000000,0.200000,-65.000000,0
71.100000,0.200000,-65.000000,0
71.200000,0.200000,-65.000000,0
71.300000,0.200000,-65.000000,0
71.400000,0.200000,-65.000000,0
71.500000,0.200000,-65.000000,0
71.600000,0.200000,-65.000000,0
71.700000,0.200000,-65.000000,0
71.800000,0.200000,-65.000000,0
71.900000,0.200000,-65.000000,0
72.000000,0.200000,-65.000000,0
72.100000,0.200000,-65.000000,0
72.200000,0.200000,-65.000000,0
72.300000,0.200000,-65.000000,0
72.400000,0.200000,-65.000000,0
72.500000,0.200000,-65.000000,0
72.600000,0.200000,-65.000000,0
72.700000,0.200000,-65.000000,0
72.800000,0.200000,-65.000000,0
72.900000,0.200000,-65.000000,0
73.000000,0.200000,-65.000000,0
73.100000,0.200000,-65.000000,0
73.200000,0.200000,-65.000000,0
73.300000,0.200000,-65.000000,0
73.400000,0.200000,-65.000000,0
73.500000,0.200000,-65.000000,0
73.600000,0.200000,-65.000000,0
73.700000,0.200000,-65.000000,0
73.800000,0.200000,-65.000000,0
73.900000,0.200000,-65.000000,0
74.000000,0.200000,-65.000000,0
74.100000,0.200000,-65.000000,0
74.200000,0.200000,-65.000000,0
74.300000,0.200000,-65.000000,0
74.400000,0.200000,-65.000000,0
74.500000,0.200000,-65.000000,0
74.600000,0.200000,-65.000000,0
74.700000,0.200000,-65.000000,0
74.800000,0.200000,-65.000000,0
74.900000,0.200000,-65.000000,0
75.000000,0.200000,-65.000000,0
75.100000,0.200000,-65.000000,0
75.200000,0.200000,-65.000000,0
75.300000,0.200000,-65.000000,0
75.400000,0.200000,-65.000000,0
75.500000,0.200000,-65.000000,0
75.600000,0.200000,-65.000000,0
75.700000,0.200000,-64.900000,0
75.800000,0.200000,-64.800500,0
75.900000,0.200000,-64.701498,0
76.000000,0.200000,-64.602990,0
76.100000,0.200000,-64.504975,0
76.200000,0.200000,-64.407450,0
76.300000,0.200000,-64.310413,0
76.400000,0.200000,-64.213861,0
76.500000,0.200000,-64.117792,0
76.600000,0.200000,-64.022203,0
76.700000,0.200000,-63.927092,0
76.800000,0.200000,-63.832456,0
76.900000,0.200000,-63.738294,0
77.000000,0.200000,-63.644602,0
77.100000,0.200000,-63.551379,0
77.200000,0.200000,-63.458622,0
77.300000,0.200000,-63.366329,0
77.400000,0.200000,-63.274498,0
77.500000,0.200000,-63.183125,0
77.600000,0.200000,-63.092210,0
77.700000,0.200000,-63.001749,0
77.800000,0.200000,-62.911740,0
77.900000,0.200000,-62.822181,0
78.000000,0.200000,-62.733070,0
78.100000,0.200000,-62.644405,0
78.200000,0.200000,-62.556183,0
78.300000,0.200000,-62.468402,0
78.400000,0.200000,-62.381060,0
78.500000,0.200000,-62.294155,0
78.600000,0.200000,-62.207684,0
78.700000,0.200000,-62.121645,0
78.800000,0.200000,-62.036037,0
78.900000,0.200000,-61.950857,0
79.000000,0.200000,-61.866103,0
79.100000,0.200000,-61.781772,0
79.200000,0.200000,-61.697863,0
79.300000,0.200000,-61.614374,0
79.400000,0.200000,-61.531302,0
79.500000,0.200000,-61.448646,0
79.600000,0.200000,-61.366402,0
79.700000,0.200000,-61.284570,0
79.800000,0.200000,-61.203148,0
79.900000,0.200000,-61.122132,0
80.000000,0.200000,-61.041521,0
80.100000,0.200000,-60.961314,0
80.200000,0.200000,-60.881507,0
80.300000,0.200000,-60.802099,0
80.400000,0.200000,-60.723089,0
80.500000,0.200000,-60.644474,0
80.600000,0.200000,-60.566251,0
80.700000,0.200000,-60.488420,0
80.800000,0.200000,-60.410978,0
80.900000,0.200000,-60.333923,0
81.000000,0.200000,-60.257253,0
81.100000,0.200000,-60.180967,0
81.200000,0.200000,-60.105062,0
81.300000,0.200000,-60.029537,0
81.400000,0.200000,-59.954389,0
81.500000,0.200000,-59.879617,0
81.600000,0.200000,-59.805219,0
81.700000,0.200000,-59.731193,0
81.800000,0.200000,-59.657537,0
81.900000,0.200000,-59.584249,0
82.000000,0.200000,-59.511328,0
82.100000,0.200000,-59.438772,0
82.200000,0.200000,-59.366578,0
82.300000,0.200000,-59.294745,0
82.400000,0.200000,-59.223271,0
82.500000,0.200000,-59.152155,0
82.600000,0.200000,-59.081394,0
82.700000,0.200000,-59.010987,0
82.800000,0.200000,-58.940932,0
82.900000,0.200000,-58.871227,0
83.000000,0.200000,-58.801871,0
83.100000,0.200000,-58.732862,0
83.200000,0.200000,-58.664198,0
83.300000,0.200000,-58.595877,0
83.400000,0.200000,-58.527897,0
83.500000,0.200000,-58.460258,0
83.600000,0.200000,-58.392956,0
83.700000,0.200000,-58.325992,0
83.800000,0.200000,-58.259362,0
83.900000,0.200000,-58.193065,0
84.000000,0.200000,-58.127100,0
84.100000,0.200000,-58.061464,0
84.200000,0.200000,-57.996157,0
84.300000,0.200000,-57.931176,0
84.400000,0.200000,-57.866520,0
84.500000,0.200000,-57.802187,0
84.600000,0.200000,-57.738177,0
84.700000,0.200000,-57.674486,0
84.800000,0.200000,-57.611113,0
84.900000,0.200000,-57.548058,0
85.000000,0.200000,-57.485317,0
85.100000,0.200000,-57.422891,0
85.200000,0.200000,-57.360776,0
85.300000,0.200000,-57.298972,0
85.400000,0.200000,-57.237478,0
85.500000,0.200000,-57.176290,0
85.600000,0.200000,-57.115409,0
85.700000,0.200000,-57.054832,0
85.800000,0.200000,-56.994558,0
85.900000,0.200000,-56.934585,0
86.000000,0.200000,-56.874912,0
86.100000,0.200000,-56.815537,0
86.200000,0.200000,-56.756460,0
86.300000,0.200000,-56.697677,0
86.400000,0.200000,-56.639189,0
86.500000,0.200000,-56.580993,0
86.600000,0.200000,-56.523088,0
86.700000,0.200000,-56.465473,0
86.800000,0.200000,-56.408145,0
86.900000,0.200000,-56.351104,0
87.000000,0.200000,-56.294349,0
87.100000,0.200000,-56.237877,0
87.200000,0.200000,-56.181688,0
87.300000,0.200000,-56.125779,0
87.400000,0.200000,-56.070150,0
87.500000,0.200000,-56.014800,0
87.600000,0.200000,-55.959726,0
87.700000,0.200000,-55.904927,0
87.800000,0.200000,-55.850402,0
87.900000,0.200000,-55.796150,0
88.000000,0.200000,-55.742170,0
88.100000,0.200000,-55.688459,0
88.200000,0.200000,-55.635017,0
88.300000,0.200000,-55.581841,0
88.400000,0.200000,-55.528932,0
88.500000,0.200000,-55.476288,0
88.600000,0.200000,-55.423906,0
88.700000,0.200000,-55.371787,0
88.800000,0.200000,-55.319928,0
88.900000,0.200000,-55.268328,0
89.000000,0.200000,-55.216986,0
89.100000,0.200000,-55.165901,0
89.200000,0.200000,-55.115072,0
89.300000,0.200000,-55.064497,0
89.400000,0.200000,-55.014174,0
89.500000,0.200000,-65.000000,1
89.600000,0.200000,-65.000000,0
89.700000,0.200000,-65.000000,0
89.800000,0.200000,-65.000000,0
89.900000,0.200000,-65.000000,0
90.000000,0.200000,-65.000000,0
90.100000,0.200000,-65.000000,0
90.200000,0.200000,-65.000000,0
90.300000,0.200000,-65.000000,0
90.400000,0.200000,-65.000000,0
90.500000,0.200000,-65.000000,0
90.600000,0.200000,-65.000000,0
90.700000,0.200000,-65.000000,0
90.800000,0.200000,-65.000000,0
90.900000,0.200000,-65.000000,0
91.000000,0.200000,-65.000000,0
91.100000,0.200000,-65.000000,0
91.200000,0.200000,-65.000000,0
91.300000,0.200000,-65.000000,0
91.400000,0.200000,-65.000000,0
91.500000,0.200000,-65.000000,0
91.600000,0.200000,-65.000000,0
91.700000,0.200000,-65.000000,0
91.800000,0.200000,-65.000000,0
91.900000,0.200000,-65.000000,0
92.000000,0.200000,-65.000000,0
92.100000,0.200000,-65.000000,0
92.200000,0.200000,-65.000000,0
92.300000,0.200000,-65.000000,0
92.400000,0.200000,-65.000000,0
92.500000,0.200000,-65.000000,0
92.600000,0.200000,-65.000000,0
92.700000,0.200000,-65.000000,0
92.800000,0.200000,-65.000000,0
92.900000,0.200000,-65.000000,0
93.000000,0.200000,-65.000000,0
93.100000,0.200000,-65.000000,0
93.200000,0.200000,-65.000000,0
93.300000,0.200000,-65.000000,0
93.400000,0.200000,-65.000000,0
93.500000,0.200000,-65.000000,0
93.600000,0.200000,-65.000000,0
93.700000,0.200000,-65.000000,0
93.800000,0.200000,-65.000000,0
93.900000,0.200000,-65.000000,0
94.000000,0.200000,-65.000000,0
94.100000,0.200000,-65.000000,0
94.200000,0.200000,-65.000000,0
94.300000,0.200000,-65.000000,0
94.400000,0.200000,-65.000000,0
94.500000,0.200000,-65.000000,0
94.600000,0.200000,-64.900000,0
94.700000,0.200000,-64.800500,0
94.800000,0.200000,-64.701498,0
94.900000,0.200000,-64.602990,0
95.000000,0.200000,-64.504975,0
95.100000,0.200000,-64.407450,0
95.200000,0.200000,-64.310413,0
95.300000,0.200000,-64.213861,0
95.400000,0.200000,-64.117792,0
95.500000,0.200000,-64.022203,0
95.600000,0.200000,-63.927092,0
95.700000,0.200000,-63.832456,0
95.800000,0.200000,-63.738294,0
95.900000,0.200000,-63.644602,0
96.000000,0.200000,-63.551379,0
96.100000,0.200000,-63.458622,0
96.200000,0.200000,-63.366329,0
96.300000,0.200000,-63.274498,0
96.400000,0.200000,-63.183125,0
96.500000,0.200000,-63.092210,0
96.600000,0.200000,-63.001749,0
96.700000,0.200000,-62.911740,0
96.800000,0.200000,-62.822181,0
96.900000,0.200000,-62.733070,0
97.000000,0.200000,-62.644405,0
97.100000,0.200000,-62.556183,0
97.200000,0.200000,-62.468402,0
97.300000,0.200000,-62.381060,0
97.400000,0.200000,-62.294155,0
97.500000,0.200000,-62.207684,0
97.600000,0.200000,-62.121645,0
97.700000,0.200000,-62.036037,0
97.800000,0.200000,-61.950857,0
97.900000,0.200000,-61.866103,0
98.000000,0.200000,-61.781772,0
98.100000,0.200000,-61.697863,0
98.200000,0.200000,-61.614374,0
98.300000,0.200000,-61.531302,0
98.400000,0.200000,-61.448646,0
98.500000,0.200000,-61.366402,0
98.600000,0.200000,-61.284570,0
98.700000,0.200000,-61.203148,0
98.800000,0.200000,-61.122132,0
98.900000,0.200000,-61.041521,0
99.000000,0.200000,-60.961314,0
99.100000,0.200000,-60.881507,0
99.200000,0.200000,-60.802099,0
99.300000,0.200000,-60.723089,0
99.400000,0.200000,-60.644474,0
99.500000,0.200000,-60.566251,0
99.600000,0.200000,-60.488420,0
99.700000,0.200000,-60.410978,0
99.800000,0.200000,-60.333923,0
99.900000,0.200000,-60.257253,0
100.000000,0.200000,-60.180967,0
100.100000,0.200000,-60.105062,0
100.200000,0.200000,-60.029537,0
100.300000,0.200000,-59.954389,0
100.400000,0.200000,-59.879617,0
100.500000,0.200000,-59.805219,0
100.600000,0.200000,-59.731193,0
100.700000,0.200000,-59.657537,0
100.800000,0.200000,-59.584249,0
100.900000,0.200000,-59.511328,0
101.000000,0.200000,-59.438772,0
101.100000,0.200000,-59.366578,0
101.200000,0.200000,-59.294745,0
101.300000,0.200000,-59.223271,0
101.400000,0.200000,-59.152155,0
101.500000,0.200000,-59.081394,0
101.600000,0.200000,-59.010987,0
101.700000,0.200000,-58.940932,0
101.800000,0.200000,-58.871227,0
101.900000,0.200000,-58.801871,0
102.000000,0.200000,-58.732862,0
102.100000,0.200000,-58.664198,0
102.200000,0.200000,-58.595877,0
102.300000,0.200000,-58.527897,0
102.400000,0.200000,-58.460258,0
102.500000,0.200000,-58.392956,0
102.600000,0.200000,-58.325992,0
102.700000,0.200000,-58.259362,0
102.800000,0.200000,-58.193065,0
102.900000,0.200000,-58.127100,0
103.000000,0.200000,-58.061464,0
103.100000,0.200000,-57.996157,0
103.200000,0.200000,-57.931176,0
103.300000,0.200000,-57.866520,0
103.400000,0.200000,-57.802187,0
103.500000,0.200000,-57.738177,0
103.600000,0.200000,-57.674486,0
103.700000,0.200000,-57.611113,0
103.800000,0.200000,-57.548058,0
103.900000,0.200000,-57.485317,0
104.000000,0.200000,-57.422891,0
104.100000,0.200000,-57.360776,0
104.200000,0.200000,-57.298972,0
104.300000,0.200000,-57.237478,0
104.400000,0.200000,-57.176290,0
104.500000,0.200000,-57.115409,0
104.600000,0.200000,-57.054832,0
104.700000,0.200000,-56.994558,0
104.800000,0.200000,-56.934585,0
104.900000,0.200000,-56.874912,0
105.000000,0.200000,-56.815537,0
105.100000,0.200000,-56.756460,0
105.200000,0.200000,-56.697677,0
105.300000,0.200000,-56.639189,0
105.400000,0.200000,-56.580993,0
105.500000,0.200000,-56.523088,0
105.600000,0.200000,-56.465473,0
105.700000,0.200000,-56.408145,0
105.800000,0.200000,-56.351104,0
105.900000,0.200000,-56.294349,0
106.000000,0.200000,-56.237877,0
106.100000,0.200000,-56.181688,0
106.200000,0.200000,-56.125779,0
106.300000,0.200000,-56.070150,0
106.400000,0.200000,-56.014800,0
106.500000,0.200000,-55.959726,0
106.600000,0.200000,-55.904927,0
106.700000,0.200000,-55.850402,0
106.800000,0.200000,-55.796150,0
106.900000,0.200000,-55.742170,0
107.000000,0.200000,-55.688459,0
107.100000,0.200000,-55.635017,0
107.200000,0.200000,-55.581841,0
107.300000,0.200000,-55.528932,0
107.400000,0.200000,-55.476288,0
107.500000,0.200000,-55.423906,0
107.600000,0.200000,-55.371787,0
107.700000,0.200000,-55.319928,0
107.800000,0.200000,-55.268328,0
107.900000,0.200000,-55.216986,0
108.000000,0.200000,-55.165901,0
108.100000,0.200000,-55.115072,0
108.200000,0.200000,-55.064497,0
108.300000,0.200000,-55.014174,0
108.400000,0.200000,-65.000000,1
108.500000,0.200000,-65.000000,0
108.600000,0.200000,-65.000000,0
108.700000,0.200000,-65.000000,0
108.800000,0.200000,-65.000000,0
108.900000,0.200000,-65.000000,0
109.000000,0.200000,-65.000000,0
109.100000,0.200000,-65.000000,0
109.200000,0.200000,-65.000000,0
109.300000,0.200000,-65.000000,0
109.400000,0.200000,-65.000000,0
109.500000,0.200000,-65.000000,0
109.600000,0.200000,-65.000000,0
109.700000,0.200000,-65.000000,0
109.800000,0.200000,-65.000000,0
109.900000,0.200000,-65.000000,0
110.000000,0.200000,-65.000000,0
110.100000,0.200000,-65.000000,0
110.200000,0.200000,-65.000000,0
110.300000,0.200000,-65.000000,0
110.400000,0.200000,-65.000000,0
110.500000,0.200000,-65.000000,0
110.600000,0.200000,-65.000000,0
110.700000,0.200000,-65.000000,0
110.800000,0.200000,-65.000000,0
110.900000,0.200000,-65.000000,0
111.000000,0.200000,-65.000000,0
111.100000,0.200000,-65.000000,0
111.200000,0.200000,-65.000000,0
111.300000,0.200000,-65.000000,0
111.400000,0.200000,-65.000000,0
111.500000,0.200000,-65.000000,0
111.600000,0.200000,-65.000000,0
111.700000,0.200000,-65.000000,0
111.800000,0.200000,-65.000000,0
111.900000,0.200000,-65.000000,0
112.000000,0.200000,-65.000000,0
112.100000,0.200000,-65.000000,0
112.200000,0.200000,-65.000000,0
112.300000,0.200000,-65.000000,0
112.400000,0.200000,-65.000000,0
112.500000,0.200000,-65.000000,0
112.600000,0.200000,-65.000000,0
112.700000,0.200000,-65.000000,0
112.800000,0.200000,-65.000000,0
112.900000,0.200000,-65.000000,0
113.000000,0.200000,-65.000000,0
113.100000,0.200000,-65.000000,0
113.200000,0.200000,-65.000000,0
113.300000,0.200000,-65.000000,0
113.400000,0.200000,-65.000000,0
113.500000,0.200000,-64.900000,0
113.600000,0.200000,-64.800500,0
113.700000,0.200000,-64.701498,0
113.800000,0.200000,-64.602990,0
113.900000,0.200000,-64.504975,0
114.000000,0.200000,-64.407450,0
114.100000,0.200000,-64.310413,0
114.200000,0.200000,-64.213861,0
114.300000,0.200000,-64.117792,0
114.400000,0.200000,-64.022203,0
114.500000,0.200000,-63.927092,0
114.600000,0.200000,-63.832456,0
114.700000,0.200000,-63.738294,0
114.800000,0.200000,-63.644602,0
114.900000,0.200000,-63.551379,0
115.000000,0.200000,-63.458622,0
115.100000,0.200000,-63.366329,0
115.200000,0.200000,-63.274498,0
115.300000,0.200000,-63.183125,0
115.400000,0.200000,-63.092210,0
115.500000,0.200000,-63.001749,0
115.600000,0.200000,-62.911740,0
115.700000,0.200000,-62.822181,0
115.800000,0.200000,-62.733070,0
115.900000,0.200000,-62.644405,0
116.000000,0.200000,-62.556183,0
116.100000,0.200000,-62.468402,0
116.200000,0.200000,-62.381060,0
116.300000,0.200000,-62.294155,0
116.400000,0.200000,-62.207684,0
116.500000,0.200000,-62.121645,0
116.600000,0.200000,-62.036037,0
116.700000,0.200000,-61.950857,0
116.800000,0.200000,-61.866103,0
116.900000,0.200000,-61.781772,0
117.000000,0.200000,-61.697863,0
117.100000,0.200000,-61.614374,0
117.200000,0.200000,-61.531302,0
117.300000,0.200000,-61.448646,0
117.400000,0.200000,-61.366402,0
117.500000,0.200000,-61.284570,0
117.600000,0.200000,-61.203148,0
117.700000,0.200000,-61.122132,0
117.800000,0.200000,-61.041521,0
117.900000,0.200000,-60.961314,0
118.000000,0.200000,-60.881507,0
118.100000,0.200000,-60.802099,0
118.200000,0.200000,-60.723089,0
118.300000,0.200000,-60.644474,0
118.400000,0.200000,-60.566251,0
118.500000,0.200000,-60.488420,0
118.600000,0.200000,-60.410978,0
118.700000,0.200000,-60.333923,0
118.800000,0.200000,-60.257253,0
118.900000,0.200000,-60.180967,0
119.000000,0.200000,-60.105062,0
119.100000,0.200000,-60.029537,0
119.200000,0.200000,-59.954389,0
119.300000,0.200000,-59.879617,0
119.400000,0.200000,-59.805219,0
119.500000,0.200000,-59.731193,0
119.600000,0.200000,-59.657537,0
119.700000,0.200000,-59.584249,0
119.800000,0.200000,-59.511328,0
119.900000,0.200000,-59.438772,0
120.000000,0.200000,-59.366578,0
120.100000,0.200000,-59.294745,0
120.200000,0.200000,-59.223271,0
120.300000,0.200000,-59.152155,0
120.400000,0.200000,-59.081394,0
120.500000,0.200000,-59.010987,0
120.600000,0.200000,-58.940932,0
120.700000,0.200000,-58.871227,0
120.800000,0.200000,-58.801871,0
120.900000,0.200000,-58.732862,0
121.000000,0.200000,-58.664198,0
121.100000,0.200000,-58.595877,0
121.200000,0.200000,-58.527897,0
121.300000,0.200000,-58.460258,0
121.400000,0.200000,-58.392956,0
121.500000,0.200000,-58.325992,0
121.600000,0.200000,-58.259362,0
121.700000,0.200000,-58.193065,0
121.800000,0.200000,-58.127100,0
121.900000,0.200000,-58.061464,0
122.000000,0.200000,-57.996157,0
122.100000,0.200000,-57.931176,0
122.200000,0.200000,-57.866520,0
122.300000,0.200000,-57.802187,0
122.400000,0.200000,-57.738177,0
122.500000,0.200000,-57.674486,0
122.600000,0.200000,-57.611113,0
122.700000,0.200000,-57.548058,0
122.800000,0.200000,-57.485317,0
122.900000,0.200000,-57.422891,0
123.000000,0.200000,-57.360776,0
123.100000,0.200000,-57.298972,0
123.200000,0.200000,-57.237478,0
123.300000,0.200000,-57.176290,0
123.400000,0.200000,-57.115409,0
123.500000,0.200000,-57.054832,0
123.600000,0.200000,-56.994558,0
123.700000,0.200000,-56.934585,0
123.800000,0.200000,-56.874912,0
123.900000,0.200000,-56.815537,0
124.000000,0.200000,-56.756460,0
124.100000,0.200000,-56.697677,0
124.200000,0.200000,-56.639189,0
124.300000,0.200000,-56.580993,0
124.400000,0.200000,-56.523088,0
124.500000,0.200000,-56.465473,0
124.600000,0.200000,-56.408145,0
124.700000,0.200000,-56.351104,0
124.800000,0.200000,-56.294349,0
124.900000,0.200000,-56.237877,0
125.000000,0.200000,-56.181688,0
125.100000,0.200000,-56.125779,0
125.200000,0.200000,-56.070150,0
125.300000,0.200000,-56.014800,0
125.400000,0.200000,-55.959726,0
125.500000,0.200000,-55.904927,0
125.600000,0.200000,-55.850402,0
125.700000,0.200000,-55.796150,0
125.800000,0.200000,-55.742170,0
125.900000,0.200000,-55.688459,0
126.000000,0.200000,-55.635017,0
126.100000,0.200000,-55.581841,0
126.200000,0.200000,-55.528932,0
126.300000,0.200000,-55.476288,0
126.400000,0.200000,-55.423906,0
126.500000,0.200000,-55.371787,0
126.600000,0.200000,-55.319928,0
126.700000,0.200000,-55.268328,0
126.800000,0.200000,-55.216986,0
126.900000,0.200000,-55.165901,0
127.000000,0.200000,-55.115072,0
127.100000,0.200000,-55.064497,0
127.200000,0.200000,-55.014174,0
127.300000,0.200000,-65.000000,1
127.400000,0.200000,-65.000000,0
127.500000,0.200000,-65.000000,0
127.600000,0.200000,-65.000000,0
127.700000,0.200000,-65.000000,0
127.800000,0.200000,-65.000000,0
127.900000,0.200000,-65.000000,0
128.000000,0.200000,-65.000000,0
128.100000,0.200000,-65.000000,0
128.200000,0.200000,-65.000000,0
128.300000,0.200000,-65.000000,0
128.400000,0.200000,-65.000000,0
128.500000,0.200000,-65.000000,0
128.600000,0.200000,-65.000000,0
128.700000,0.200000,-65.000000,0
128.800000,0.200000,-65.000000,0
128.900000,0.200000,-65.000000,0
129.000000,0.200000,-65.000000,0
129.100000,0.200000,-65.000000,0
129.200000,0.200000,-65.000000,0
129.300000,0.200000,-65.000000,0
129.400000,0.200000,-65.000000,0
129.500000,0.200000,-65.000000,0
129.600000,0.200000,-65.000000,0
129.700000,0.200000,-65.000000,0
129.800000,0.200000,-65.000000,0
129.900000,0.200000,-65.000000,0
130.000000,0.200000,-65.000000,0
130.100000,0.200000,-65.000000,0
130.200000,0.200000,-65.000000,0
130.300000,0.200000,-65.000000,0
130.400000,0.200000,-65.000000,0
130.500000,0.200000,-65.000000,0
130.600000,0.200000,-65.000000,0
130.700000,0.200000,-65.000000,0
130.800000,0.200000,-65.000000,0
130.900000,0.200000,-65.000000,0
131.000000,0.200000,-65.000000,0
131.100000,0.200000,-65.000000,0
131.200000,0.200000,-65.000000,0
131.300000,0.200000,-65.000000,0
131.400000,0.200000,-65.000000,0
131.500000,0.200000,-65.000000,0
131.600000,0.200000,-65.000000,0
131.700000,0.200000,-65.000000,0
131.800000,0.200000,-65.000000,0
131.900000,0.200000,-65.000000,0
132.000000,0.200000,-65.000000,0
132.100000,0.200000,-65.000000,0
132.200000,0.200000,-65.000000,0
132.300000,0.200000,-65.000000,0
132.400000,0.200000,-64.900000,0
132.500000,0.200000,-64.800500,0
132.600000,0.200000,-64.701498,0
132.700000,0.200000,-64.602990,0
132.800000,0.200000,-64.504975,0
132.900000,0.200000,-64.407450,0
133.000000,0.200000,-64.310413,0
133.100000,0.200000,-64.213861,0
133.200000,0.200000,-64.117792,0
133.300000,0.200000,-64.022203,0
133.400000,0.200000,-63.927092,0
133.500000,0.200000,-63.832456,0
133.600000,0.200000,-63.738294,0
133.700000,0.200000,-63.644602,0
133.800000,0.200000,-63.551379,0
133.900000,0.200000,-63.458622,0
134.000000,0.200000,-63.366329,0
134.100000,0.200000,-63.274498,0
134.200000,0.200000,-63.183125,0
134.300000,0.200000,-63.092210,0
134.400000,0.200000,-63.001749,0
134.500000,0.200000,-62.911740,0
134.600000,0.200000,-62.822181,0
134.700000,0.200000,-62.733070,0
134.800000,0.200000,-62.644405,0
134.900000,0.200000,-62.556183,0
135.000000,0.200000,-62.468402,0
135.100000,0.200000,-62.381060,0
135.200000,0.200000,-62.294155,0
135.300000,0.200000,-62.207684,0
135.400000,0.200000,-62.121645,0
135.500000,0.200000,-62.036037,0
135.600000,0.200000,-61.950857,0
135.700000,0.200000,-61.866103,0
135.800000,0.200000,-61.781772,0
135.900000,0.200000,-61.697863,0
136.000000,0.200000,-61.614374,0
136.100000,0.200000,-61.531302,0
136.200000,0.200000,-61.448646,0
136.300000,0.200000,-61.366402,0
136.400000,0.200000,-61.284570,0
136.500000,0.200000,-61.203148,0
136.600000,0.200000,-61.122132,0
136.700000,0.200000,-61.041521,0
136.800000,0.200000,-60.961314,0
136.900000,0.200000,-60.881507,0
137.000000,0.200000,-60.802099,0
137.100000,0.200000,-60.723089,0
137.200000,0.200000,-60.644474,0
137.300000,0.200000,-60.566251,0
137.400000,0.200000,-60.488420,0
137.500000,0.200000,-60.410978,0
137.600000,0.200000,-60.333923,0
137.700000,0.200000,-60.257253,0
137.800000,0.200000,-60.180967,0
137.900000,0.200000,-60.105062,0
138.000000,0.200000,-60.029537,0
138.100000,0.200000,-59.954389,0
138.200000,0.200000,-59.879617,0
138.300000,0.200000,-59.805219,0
138.400000,0.200000,-59.731193,0
138.500000,0.200000,-59.657537,0
138.600000,0.200000,-59.584249,0
138.700000,0.200000,-59.511328,0
138.800000,0.200000,-59.438772,0
138.900000,0.200000,-59.366578,0
139.000000,0.200000,-59.294745,0
139.100000,0.200000,-59.223271,0
139.200000,0.200000,-59.152155,0
139.300000,0.200000,-59.081394,0
139.400000,0.200000,-59.010987,0
139.500000,0.200000,-58.940932,0
139.600000,0.200000,-58.871227,0
139.700000,0.200000,-58.801871,0
139.800000,0.200000,-58.732862,0
139.900000,0.200000,-58.664198,0
140.000000,0.200000,-58.595877,0
140.100000,0.200000,-58.527897,0
140.200000,0.200000,-58.460258,0
140.300000,0.200000,-58.392956,0
140.400000,0.200000,-58.325992,0
140.500000,0.200000,-58.259362,0
140.600000,0.200000,-58.193065,0
140.700000,0.200000,-58.127100,0
140.800000,0.200000,-58.061464,0
140.900000,0.200000,-57.996157,0
141.000000,0.200000,-57.931176,0
141.100000,0.200000,-57.866520,0
141.200000,0.200000,-57.802187,0
141.300000,0.200000,-57.738177,0
141.400000,0.200000,-57.674486,0
141.500000,0.200000,-57.611113,0
141.600000,0.200000,-57.548058,0
141.700000,0.200000,-57.485317,0
141.800000,0.200000,-57.422891,0
141.900000,0.200000,-57.360776,0
142.000000,0.200000,-57.298972,0
142.100000,0.200000,-57.237478,0
142.200000,0.200000,-57.176290,0
142.300000,0.200000,-57.115409,0
142.400000,0.200000,-57.054832,0
142.500000,0.200000,-56.994558,0
142.600000,0.200000,-56.934585,0
142.700000,0.200000,-56.874912,0
142.800000,0.200000,-56.815537,0
142.900000,0.200000,-56.756460,0
143.000000,0.200000,-56.697677,0
143.100000,0.200000,-56.639189,0
143.200000,0.200000,-56.580993,0
143.300000,0.200000,-56.523088,0
143.400000,0.200000,-56.465473,0
143.500000,0.200000,-56.408145,0
143.600000,0.200000,-56.351104,0
143.700000,0.200000,-56.294349,0
143.800000,0.200000,-56.237877,0
143.900000,0.200000,-56.181688,0
144.000000,0.200000,-56.125779,0
144.100000,0.200000,-56.070150,0
144.200000,0.200000,-56.014800,0
144.300000,0.200000,-55.959726,0
144.400000,0.200000,-55.904927,0
144.500000,0.200000,-55.850402,0
144.600000,0.200000,-55.796150,0
144.700000,0.200000,-55.742170,0
144.800000,0.200000,-55.688459,0
144.900000,0.200000,-55.635017,0
145.000000,0.200000,-55.581841,0
145.100000,0.200000,-55.528932,0
145.200000,0.200000,-55.476288,0
145.300000,0.200000,-55.423906,0
145.400000,0.200000,-55.371787,0
145.500000,0.200000,-55.319928,0
145.600000,0.200000,-55.268328,0
145.700000,0.200000,-55.216986,0
145.800000,0.200000,-55.165901,0
145.900000,0.200000,-55.115072,0
146.000000,0.200000,-55.064497,0
146.100000,0.200000,-55.014174,0
146.200000,0.200000,-65.000000,1
146.300000,0.200000,-65.000000,0
146.400000,0.200000,-65.000000,0
146.500000,0.200000,-65.000000,0
146.600000,0.200000,-65.000000,0
146.700000,0.200000,-65.000000,0
146.800000,0.200000,-65.000000,0
146.900000,0.200000,-65.000000,0
147.000000,0.200000,-65.000000,0
147.100000,0.200000,-65.000000,0
147.200000,0.200000,-65.000000,0
147.300000,0.200000,-65.000000,0
147.400000,0.200000,-65.000000,0
147.500000,0.200000,-65.000000,0
147.600000,0.200000,-65.000000,0
147.700000,0.200000,-65.000000,0
147.800000,0.200000,-65.000000,0
147.900000,0.200000,-65.000000,0
148.000000,0.200000,-65.000000,0
148.100000,0.200000,-65.000000,0
148.200000,0.200000,-65.000000,0
148.300000,0.200000,-65.000000,0
148.400000,0.200000,-65.000000,0
148.500000,0.200000,-65.000000,0
148.600000,0.200000,-65.000000,0
148.700000,0.200000,-65.000000,0
148.800000,0.200000,-65.000000,0
148.900000,0.200000,-65.000000,0
149.000000,0.200000,-65.000000,0
149.100000,0.200000,-65.000000,0
149.200000,0.200000,-65.000000,0
149.300000,0.200000,-65.000000,0
149.400000,0.200000,-65.000000,0
149.500000,0.200000,-65.000000,0
149.600000,0.200000,-65.000000,0
149.700000,0.200000,-65.000000,0
149.800000,0.200000,-65.000000,0
149.900000,0.200000,-65.000000,0
150.000000,0.200000,-65.000000,0
150.100000,0.200000,-65.000000,0
150.200000,0.200000,-65.000000,0
150.300000,0.200000,-65.000000,0
150.400000,0.200000,-65.000000,0
150.500000,0.200000,-65.000000,0
150.600000,0.200000,-65.000000,0
150.700000,0.200000,-65.000000,0
150.800000,0.200000,-65.000000,0
150.900000,0.200000,-65.000000,0
151.000000,0.200000,-65.000000,0
151.100000,0.200000,-65.000000,0
151.200000,0.200000,-65.000000,0
151.300000,0.200000,-64.900000,0
151.400000,0.200000,-64.800500,0
151.500000,0.200000,-64.701498,0
151.600000,0.200000,-64.602990,0
151.700000,0.200000,-64.504975,0
151.800000,0.200000,-64.407450,0
151.900000,0.200000,-64.310413,0
152.000000,0.200000,-64.213861,0
152.100000,0.200000,-64.117792,0
152.200000,0.200000,-64.022203,0
152.300000,0.200000,-63.927092,0
152.400000,0.200000,-63.832456,0
152.500000,0.200000,-63.738294,0
152.600000,0.200000,-63.644602,0
152.700000,0.200000,-63.551379,0
152.800000,0.200000,-63.458622,0
152.900000,0.200000,-63.366329,0
153.000000,0.200000,-63.274498,0
153.100000,0.200000,-63.183125,0
153.200000,0.200000,-63.092210,0
153.300000,0.200000,-63.001749,0
153.400000,0.200000,-62.911740,0
153.500000,0.200000,-62.822181,0
153.600000,0.200000,-62.733070,0
153.700000,0.200000,-62.644405,0
153.800000,0.200000,-62.556183,0
153.900000,0.200000,-62.468402,0
154.000000,0.200000,-62.381060,0
154.100000,0.200000,-62.294155,0
154.200000,0.200000,-62.207684,0
154.300000,0.200000,-62.121645,0
154.400000,0.200000,-62.036037,0
154.500000,0.200000,-61.950857,0
154.600000,0.200000,-61.866103,0
154.700000,0.200000,-61.781772,0
154.800000,0.200000,-61.697863,0
154.900000,0.200000,-61.614374,0
155.000000,0.200000,-61.531302,0
155.100000,0.200000,-61.448646,0
155.200000,0.200000,-61.366402,0
155.300000,0.200000,-61.284570,0
155.400000,0.200000,-61.203148,0
155.500000,0.200000,-61.122132,0
155.600000,0.200000,-61.041521,0
155.700000,0.200000,-60.961314,0
155.800000,0.200000,-60.881507,0
155.900000,0.200000,-60.802099,0
156.000000,0.200000,-60.723089,0
156.100000,0.200000,-60.644474,0
156.200000,0.200000,-60.566251,0
156.300000,0.200000,-60.488420,0
156.400000,0.200000,-60.410978,0
156.500000,0.200000,-60.333923,0
156.600000,0.200000,-60.257253,0
156.700000,0.200000,-60.180967,0
156.800000,0.200000,-60.105062,0
156.900000,0.200000,-60.029537,0
157.000000,0.200000,-59.954389,0
157.100000,0.200000,-59.879617,0
157.200000,0.200000,-59.805219,0
157.300000,0.200000,-59.731193,0
157.400000,0.200000,-59.657537,0
157.500000,0.200000,-59.584249,0
157.600000,0.200000,-59.511328,0
157.700000,0.200000,-59.438772,0
157.800000,0.200000,-59.366578,0
157.900000,0.200000,-59.294745,0
158.000000,0.200000,-59.223271,0
158.100000,0.200000,-59.152155,0
158.200000,0.200000,-59.081394,0
158.300000,0.200000,-59.010987,0
158.400000,0.200000,-58.940932,0
158.500000,0.200000,-58.871227,0
158.600000,0.200000,-58.801871,0
158.700000,0.200000,-58.732862,0
158.800000,0.200000,-58.664198,0
158.900000,0.200000,-58.595877,0
159.000000,0.200000,-58.527897,0
159.100000,0.200000,-58.460258,0
159.200000,0.200000,-58.392956,0
159.300000,0.200000,-58.325992,0
159.400000,0.200000,-58.259362,0
159.500000,0.200000,-58.193065,0
159.600000,0.200000,-58.127100,0
159.700000,0.200000,-58.061464,0
159.800000,0.200000,-57.996157,0
159.900000,0.200000,-57.931176,0
160.000000,0.200000,-57.866520,0
160.100000,0.200000,-57.802187,0
160.200000,0.200000,-57.738177,0
160.300000,0.200000,-57.674486,0
160.400000,0.200000,-57.611113,0
160.500000,0.200000,-57.548058,0
160.600000,0.200000,-57.485317,0
160.700000,0.200000,-57.422891,0
160.800000,0.200000,-57.360776,0
160.900000,0.200000,-57.298972,0
161.000000,0.200000,-57.237478,0
161.100000,0.200000,-57.176290,0
161.200000,0.200000,-57.115409,0
161.300000,0.200000,-57.054832,0
161.400000,0.200000,-56.994558,0
161.500000,0.200000,-56.934585,0
161.600000,0.200000,-56.874912,0
161.700000,0.200000,-56.815537,0
161.800000,0.200000,-56.756460,0
161.900000,0.200000,-56.697677,0
162.000000,0.200000,-56.639189,0
162.100000,0.200000,-56.580993,0
162.200000,0.200000,-56.523088,0
162.300000,0.200000,-56.465473,0
162.400000,0.200000,-56.408145,0
162.500000,0.200000,-56.351104,0
162.600000,0.200000,-56.294349,0
162.700000,0.200000,-56.237877,0
162.800000,0.200000,-56.181688,0
162.900000,0.200000,-56.125779,0
163.000000,0.200000,-56.070150,0
163.100000,0.200000,-56.014800,0
163.200000,0.200000,-55.959726,0
163.300000,0.200000,-55.904927,0
163.400000,0.200000,-55.850402,0
163.500000,0.200000,-55.796150,0
163.600000,0.200000,-55.742170,0
163.700000,0.200000,-55.688459,0
163.800000,0.200000,-55.635017,0
163.900000,0.200000,-55.581841,0
164.000000,0.200000,-55.528932,0
164.100000,0.200000,-55.476288,0
164.200000,0.200000,-55.423906,0
164.300000,0.200000,-55.371787,0
164.400000,0.200000,-55.319928,0
164.500000,0.200000,-55.268328,0
164.600000,0.200000,-55.216986,0
164.700000,0.200000,-55.165901,0
164.800000,0.200000,-55.115072,0
164.900000,0.200000,-55.064497,0
165.000000,0.200000,-55.014174,0
165.100000,0.200000,-65.000000,1
165.200000,0.200000,-65.000000,0
165.300000,0.200000,-65.000000,0
165.400000,0.200000,-65.000000,0
165.500000,0.200000,-65.000000,0
165.600000,0.200000,-65.000000,0
165.700000,0.200000,-65.000000,0
165.800000,0.200000,-65.000000,0
165.900000,0.200000,-65.000000,0
166.000000,0.200000,-65.000000,0
166.100000,0.200000,-65.000000,0
166.200000,0.200000,-65.000000,0
166.300000,0.200000,-65.000000,0
166.400000,0.200000,-65.000000,0
166.500000,0.200000,-65.000000,0
166.600000,0.200000,-65.000000,0
166.700000,0.200000,-65.000000,0
166.800000,0.200000,-65.000000,0
166.900000,0.200000,-65.000000,0
167.000000,0.200000,-65.000000,0
167.100000,0.200000,-65.000000,0
167.200000,0.200000,-65.000000,0
167.300000,0.200000,-65.000000,0
167.400000,0.200000,-65.000000,0
167.500000,0.200000,-65.000000,0
167.600000,0.200000,-65.000000,0
167.700000,0.200000,-65.000000,0
167.800000,0.200000,-65.000000,0
167.900000,0.200000,-65.000000,0
168.000000,0.200000,-65.000000,0
168.100000,0.200000,-65.000000,0
168.200000,0.200000,-65.000000,0
168.300000,0.200000,-65.000000,0
168.400000,0.200000,-65.000000,0
168.500000,0.200000,-65.000000,0
168.600000,0.200000,-65.000000,0
168.700000,0.200000,-65.000000,0
168.800000,0.200000,-65.000000,0
168.900000,0.200000,-65.000000,0
169.000000,0.200000,-65.000000,0
169.100000,0.200000,-65.000000,0
169.200000,0.200000,-65.000000,0
169.300000,0.200000,-65.000000,0
169.400000,0.200000,-65.000000,0
169.500000,0.200000,-65.000000,0
169.600000,0.200000,-65.000000,0
169.700000,0.200000,-65.000000,0
169.800000,0.200000,-65.000000,0
169.900000,0.200000,-65.000000,0
170.000000,0.200000,-65.000000,0
170.100000,0.200000,-65.000000,0
170.200000,0.200000,-64.900000,0
170.300000,0.200000,-64.800500,0
170.400000,0.200000,-64.701498,0
170.500000,0.200000,-64.602990,0
170.600000,0.200000,-64.504975,0
170.700000,0.200000,-64.407450,0
170.800000,0.200000,-64.310413,0
170.900000,0.200000,-64.213861,0
171.000000,0.200000,-64.117792,0
171.100000,0.200000,-64.022203,0
171.200000,0.200000,-63.927092,0
171.300000,0.200000,-63.832456,0
171.400000,0.200000,-63.738294,0
171.500000,0.200000,-63.644602,0
171.600000,0.200000,-63.551379,0
171.700000,0.200000,-63.458622,0
171.800000,0.200000,-63.366329,0
171.900000,0.200000,-63.274498,0
172.000000,0.200000,-63.183125,0
172.100000,0.200000,-63.092210,0
172.200000,0.200000,-63.001749,0
172.300000,0.200000,-62.911740,0
172.400000,0.200000,-62.822181,0
172.500000,0.200000,-62.733070,0
172.600000,0.200000,-62.644405,0
172.700000,0.200000,-62.556183,0
172.800000,0.200000,-62.468402,0
172.900000,0.200000,-62.381060,0
173.000000,0.200000,-62.294155,0
173.100000,0.200000,-62.207684,0
173.200000,0.200000,-62.121645,0
173.300000,0.200000,-62.036037,0
173.400000,0.200000,-61.950857,0
173.500000,0.200000,-61.866103,0
173.600000,0.200000,-61.781772,0
173.700000,0.200000,-61.697863,0
173.800000,0.200000,-61.614374,0
173.900000,0.200000,-61.531302,0
174.000000,0.200000,-61.448646,0
174.100000,0.200000,-61.366402,0
174.200000,0.200000,-61.284570,0
174.300000,0.200000,-61.203148,0
174.400000,0.200000,-61.122132,0
174.500000,0.200000,-61.041521,0
174.600000,0.200000,-60.961314,0
174.700000,0.200000,-60.881507,0
174.800000,0.200000,-60.802099,0
174.900000,0.200000,-60.723089,0
175.000000,0.200000,-60.644474,0
175.100000,0.200000,-60.566251,0
175.200000,0.200000,-60.488420,0
175.300000,0.200000,-60.410978,0
175.400000,0.200000,-60.333923,0
175.500000,0.200000,-60.257253,0
175.600000,0.200000,-60.180967,0
175.700000,0.200000,-60.105062,0
175.800000,0.200000,-60.029537,0
175.900000,0.200000,-59.954389,0
176.000000,0.200000,-59.879617,0
176.100000,0.200000,-59.805219,0
176.200000,0.200000,-59.731193,0
176.300000,0.200000,-59.657537,0
176.400000,0.200000,-59.584249,0
176.500000,0.200000,-59.511328,0
176.600000,0.200000,-59.438772,0
176.700000,0.200000,-59.366578,0
176.800000,0.200000,-59.294745,0
176.900000,0.200000,-59.223271,0
177.000000,0.200000,-59.152155,0
177.100000,0.200000,-59.081394,0
177.200000,0.200000,-59.010987,0
177.300000,0.200000,-58.940932,0
177.400000,0.200000,-58.871227,0
177.500000,0.200000,-58.801871,0
177.600000,0.200000,-58.732862,0
177.700000,0.200000,-58.664198,0
177.800000,0.200000,-58.595877,0
177.900000,0.200000,-58.527897,0
178.000000,0.200000,-58.460258,0
178.100000,0.200000,-58.392956,0
178.200000,0.200000,-58.325992,0
178.300000,0.200000,-58.259362,0
178.400000,0.200000,-58.193065,0
178.500000,0.200000,-58.127100,0
178.600000,0.200000,-58.061464,0
178.700000,0.200000,-57.996157,0
178.800000,0.200000,-57.931176,0
178.900000,0.200000,-57.866520,0
179.000000,0.200000,-57.802187,0
179.100000,0.200000,-57.738177,0
179.200000,0.200000,-57.674486,0
179.300000,0.200000,-57.611113,0
179.400000,0.200000,-57.548058,0
179.500000,0.200000,-57.485317,0
179.600000,0.200000,-57.422891,0
179.700000,0.200000,-57.360776,0
179.800000,0.200000,-57.298972,0
179.900000,0.200000,-57.237478,0
180.000000,0.200000,-57.176290,0
180.100000,0.200000,-57.115409,0
180.200000,0.200000,-57.054832,0
180.300000,0.200000,-56.994558,0
180.400000,0.200000,-56.934585,0
180.500000,0.200000,-56.874912,0
180.600000,0.200000,-56.815537,0
180.700000,0.200000,-56.756460,0
180.800000,0.200000,-56.697677,0
180.900000,0.200000,-56.639189,0
181.000000,0.200000,-56.580993,0
181.100000,0.200000,-56.523088,0
181.200000,0.200000,-56.465473,0
181.300000,0.200000,-56.408145,0
181.400000,0.200000,-56.351104,0
181.500000,0.200000,-56.294349,0
181.600000,0.200000,-56.237877,0
181.700000,0.200000,-56.181688,0
181.800000,0.200000,-56.125779,0
181.900000,0.200000,-56.070150,0
182.000000,0.200000,-56.014800,0
182.100000,0.200000,-55.959726,0
182.200000,0.200000,-55.904927,0
182.300000,0.200000,-55.850402,0
182.400000,0.200000,-55.796150,0
182.500000,0.200000,-55.742170,0
182.600000,0.200000,-55.688459,0
182.700000,0.200000,-55.635017,0
182.800000,0.200000,-55.581841,0
182.900000,0.200000,-55.528932,0
183.000000,0.200000,-55.476288,0
183.100000,0.200000,-55.423906,0
183.200000,0.200000,-55.371787,0
183.300000,0.200000,-55.319928,0
183.400000,0.200000,-55.268328,0
183.500000,0.200000,-55.216986,0
183.600000,0.200000,-55.165901,0
183.700000,0.200000,-55.115072,0
183.800000,0.200000,-55.064497,0
183.900000,0.200000,-55.014174,0
184.000000,0.200000,-65.000000,1
184.100000,0.200000,-65.000000,0
184.200000,0.200000,-65.000000,0
184.300000,0.200000,-65.000000,0
184.400000,0.200000,-65.000000,0
184.500000,0.200000,-65.000000,0
184.600000,0.200000,-65.000000,0
184.700000,0.200000,-65.000000,0
184.800000,0.200000,-65.000000,0
184.900000,0.200000,-65.000000,0
185.000000,0.200000,-65.000000,0
185.100000,0.200000,-65.000000,0
185.200000,0.200000,-65.000000,0
185.300000,0.200000,-65.000000,0
185.400000,0.200000,-65.000000,0
185.500000,0.200000,-65.000000,0
185.600000,0.200000,-65.000000,0
185.700000,0.200000,-65.000000,0
185.800000,0.200000,-65.000000,0
185.900000,0.200000,-65.000000,0
186.000000,0.200000,-65.000000,0
186.100000,0.200000,-65.000000,0
186.200000,0.200000,-65.000000,0
186.300000,0.200000,-65.000000,0
186.400000,0.200000,-65.000000,0
186.500000,0.200000,-65.000000,0
186.600000,0.200000,-65.000000,0
186.700000,0.200000,-65.000000,0
186.800000,0.200000,-65.000000,0
186.900000,0.200000,-65.000000,0
187.000000,0.200000,-65.000000,0
187.100000,0.200000,-65.000000,0
187.200000,0.200000,-65.000000,0
187.300000,0.200000,-65.000000,0
187.400000,0.200000,-65.000000,0
187.500000,0.200000,-65.000000,0
187.600000,0.200000,-65.000000,0
187.700000,0.200000,-65.000000,0
187.800000,0.200000,-65.000000,0
187.900000,0.200000,-65.000000,0
188.000000,0.200000,-65.000000,0
188.100000,0.200000,-65.000000,0
188.200000,0.200000,-65.000000,0
188.300000,0.200000,-65.000000,0
188.400000,0.200000,-65.000000,0
188.500000,0.200000,-65.000000,0
188.600000,0.200000,-65.000000,0
188.700000,0.200000,-65.000000,0
188.800000,0.200000,-65.000000,0
188.900000,0.200000,-65.000000,0
189.000000,0.200000,-65.000000,0
189.100000,0.200000,-64.900000,0
189.200000,0.200000,-64.800500,0
189.300000,0.200000,-64.701498,0
189.400000,0.200000,-64.602990,0
189.500000,0.200000,-64.504975,0
189.600000,0.200000,-64.407450,0
189.700000,0.200000,-64.310413,0
189.800000,0.200000,-64.213861,0
189.900000,0.200000,-64.117792,0
190.000000,0.200000,-64.022203,0
190.100000,0.200000,-63.927092,0
190.200000,0.200000,-63.832456,0
190.300000,0.200000,-63.738294,0
190.400000,0.200000,-63.644602,0
190.500000,0.200000,-63.551379,0
190.600000,0.200000,-63.458622,0
190.700000,0.200000,-63.366329,0
190.800000,0.200000,-63.274498,0
190.900000,0.200000,-63.183125,0
191.000000,0.200000,-63.092210,0
191.100000,0.200000,-63.001749,0
191.200000,0.200000,-62.911740,0
191.300000,0.200000,-62.822181,0
191.400000,0.200000,-62.733070,0
191.500000,0.200000,-62.644405,0
191.600000,0.200000,-62.556183,0
191.700000,0.200000,-62.468402,0
191.800000,0.200000,-62.381060,0
191.900000,0.200000,-62.294155,0
192.000000,0.200000,-62.207684,0
192.100000,0.200000,-62.121645,0
192.200000,0.200000,-62.036037,0
192.300000,0.200000,-61.950857,0
192.400000,0.200000,-61.866103,0
192.500000,0.200000,-61.781772,0
192.600000,0.200000,-61.697863,0
192.700000,0.200000,-61.614374,0
192.800000,0.200000,-61.531302,0
192.900000,0.200000,-61.448646,0
193.000000,0.200000,-61.366402,0
193.100000,0.200000,-61.284570,0
193.200000,0.200000,-61.203148,0
193.300000,0.200000,-61.122132,0
193.400000,0.200000,-61.041521,0
193.500000,0.200000,-60.961314,0
193.600000,0.200000,-60.881507,0
193.700000,0.200000,-60.802099,0
193.800000,0.200000,-60.723089,0
193.900000,0.200000,-60.644474,0
194.000000,0.200000,-60.566251,0
194.100000,0.200000,-60.488420,0
194.200000,0.200000,-60.410978,0
194.300000,0.200000,-60.333923,0
194.400000,0.200000,-60.257253,0
194.500000,0.200000,-60.180967,0
194.600000,0.200000,-60.105062,0
194.700000,0.200000,-60.029537,0
194.800000,0.200000,-59.954389,0
194.900000,0.200000,-59.879617,0
195.000000,0.200000,-59.805219,0
195.100000,0.200000,-59.731193,0
195.200000,0.200000,-59.657537,0
195.300000,0.200000,-59.584249,0
195.400000,0.200000,-59.511328,0
195.500000,0.200000,-59.438772,0
195.600000,0.200000,-59.366578,0
195.700000,0.200000,-59.294745,0
195.800000,0.200000,-59.223271,0
195.900000,0.200000,-59.152155,0
196.000000,0.200000,-59.081394,0
196.100000,0.200000,-59.010987,0
196.200000,0.200000,-58.940932,0
196.300000,0.200000,-58.871227,0
196.400000,0.200000,-58.801871,0
196.500000,0.200000,-58.732862,0
196.600000,0.200000,-58.664198,0
196.700000,0.200000,-58.595877,0
196.800000,0.200000,-58.527897,0
196.900000,0.200000,-58.460258,0
197.000000,0.200000,-58.392956,0
197.100000,0.200000,-58.325992,0
197.200000,0.200000,-58.259362,0
197.300000,0.200000,-58.193065,0
197.400000,0.200000,-58.127100,0
197.500000,0.200000,-58.061464,0
197.600000,0.200000,-57.996157,0
197.700000,0.200000,-57.931176,0
197.800000,0.200000,-57.866520,0
197.900000,0.200000,-57.802187,0
198.000000,0.200000,-57.738177,0
198.100000,0.200000,-57.674486,0
198.200000,0.200000,-57.611113,0
198.300000,0.200000,-57.548058,0
198.400000,0.200000,-57.485317,0
198.500000,0.200000,-57.422891,0
198.600000,0.200000,-57.360776,0
198.700000,0.200000,-57.298972,0
198.800000,0.200000,-57.237478,0
198.900000,0.200000,-57.176290,0
199.000000,0.200000,-57.115409,0
199.100000,0.200000,-57.054832,0
199.200000,0.200000,-56.994558,0
199.300000,0.200000,-56.934585,0
199.400000,0.200000,-56.874912,0
199.500000,0.200000,-56.815537,0
199.600000,0.200000,-56.756460,0
199.700000,0.200000,-56.697677,0
199.800000,0.200000,-56.639189,0
199.900000,0.200000,-56.580993,0
