current_nA,spike_count,firing_rate_hz
0.050000,0,0.000000
0.060000,0,0.000000
0.070000,0,0.000000
0.080000,0,0.000000
0.090000,0,0.000000
0.100000,0,0.000000
0.110000,18,18.000000
0.120000,24,24.000000
0.130000,29,29.000000
0.140000,33,33.000000
0.150000,37,37.000000
0.160000,40,40.000000
0.170000,44,44.000000
0.180000,47,47.000000
0.190000,50,50.000000
0.200000,53,53.000000
0.210000,55,55.000000
0.220000,58,58.000000
0.230000,61,61.000000
0.240000,63,63.000000
0.250000,66,66.000000
0.260000,68,68.000000
0.270000,70,70.000000
0.280000,72,72.000000
0.290000,74,74.000000
0.300000,76,76.000000
0.310000,78,78.000000
0.320000,80,80.000000
0.330000,81,81.000000
0.340000,83,83.000000
0.350000,85,85.000000
