current_nA,numerical_final_mv,analytical_final_mv,predicted_steady_state_mv,absolute_error_mv
-2.000000000000000111e-01,-8.499911449404302743e+01,-8.499909200140474752e+01,-8.500000000000000000e+01,8.855059569725654001e-04
-1.500000000000000222e-01,-7.999933587053229189e+01,-7.999931900105356419e+01,-8.000000000000000000e+01,6.641294677081077680e-04
-1.000000000000000333e-01,-7.499955724702152793e+01,-7.499954600070238087e+01,-7.500000000000000000e+01,4.427529784720718453e-04
-5.000000000000004441e-02,-6.999977862351074975e+01,-6.999977300035119754e+01,-7.000000000000000000e+01,2.213764892502467774e-04
-5.551115123125782702e-17,-6.500000000000000000e+01,-6.500000000000000000e+01,-6.500000000000000000e+01,0.000000000000000000e+00
4.999999999999993339e-02,-6.000022137648924314e+01,-6.000022699964881667e+01,-6.000000000000000711e+01,2.213764892360359227e-04
9.999999999999992228e-02,-5.500044275297849339e+01,-5.500045399929763335e+01,-5.500000000000000711e+01,4.427529784862827000e-04
1.499999999999999112e-01,-5.000066412946771521e+01,-5.000068099894645002e+01,-5.000000000000000711e+01,6.641294677081077680e-04
1.999999999999999001e-01,-4.500088550595693704e+01,-4.500090799859525958e+01,-4.500000000000001421e+01,8.855059569228274086e-04
2.499999999999998890e-01,-4.000110688244622281e+01,-4.000113499824406915e+01,-4.000000000000001421e+01,1.106882446208601323e-03
2.999999999999998779e-01,-3.500132825893545174e+01,-3.500136199789288582e+01,-3.500000000000001421e+01,1.328258935437531818e-03
3.499999999999998668e-01,-3.000154963542469133e+01,-3.000158899754170250e+01,-3.000000000000001421e+01,1.549635424677120454e-03
3.999999999999998557e-01,-2.500177101191394158e+01,-2.500181599719051206e+01,-2.500000000000001421e+01,1.771011913927367232e-03
