condition,pairing,delta_t_ms,delta_w,weight
causal_10ms,0,10.000000,0.000000000,0.500000000
causal_10ms,1,10.000000,0.006065307,0.506065307
causal_10ms,2,10.000000,0.006065307,0.512130613
causal_10ms,3,10.000000,0.006065307,0.518195920
causal_10ms,4,10.000000,0.006065307,0.524261226
causal_10ms,5,10.000000,0.006065307,0.530326533
causal_10ms,6,10.000000,0.006065307,0.536391840
causal_10ms,7,10.000000,0.006065307,0.542457146
causal_10ms,8,10.000000,0.006065307,0.548522453
causal_10ms,9,10.000000,0.006065307,0.554587759
causal_10ms,10,10.000000,0.006065307,0.560653066
causal_10ms,11,10.000000,0.006065307,0.566718373
causal_10ms,12,10.000000,0.006065307,0.572783679
causal_10ms,13,10.000000,0.006065307,0.578848986
causal_10ms,14,10.000000,0.006065307,0.584914292
causal_10ms,15,10.000000,0.006065307,0.590979599
causal_10ms,16,10.000000,0.006065307,0.597044906
causal_10ms,17,10.000000,0.006065307,0.603110212
causal_10ms,18,10.000000,0.006065307,0.609175519
causal_10ms,19,10.000000,0.006065307,0.615240825
causal_10ms,20,10.000000,0.006065307,0.621306132
causal_10ms,21,10.000000,0.006065307,0.627371439
causal_10ms,22,10.000000,0.006065307,0.633436745
causal_10ms,23,10.000000,0.006065307,0.639502052
causal_10ms,24,10.000000,0.006065307,0.645567358
causal_10ms,25,10.000000,0.006065307,0.651632665
causal_10ms,26,10.000000,0.006065307,0.657697972
causal_10ms,27,10.000000,0.006065307,0.663763278
causal_10ms,28,10.000000,0.006065307,0.669828585
causal_10ms,29,10.000000,0.006065307,0.675893891
causal_10ms,30,10.000000,0.006065307,0.681959198
causal_10ms,31,10.000000,0.006065307,0.688024505
causal_10ms,32,10.000000,0.006065307,0.694089811
causal_10ms,33,10.000000,0.006065307,0.700155118
causal_10ms,34,10.000000,0.006065307,0.706220424
causal_10ms,35,10.000000,0.006065307,0.712285731
causal_10ms,36,10.000000,0.006065307,0.718351037
causal_10ms,37,10.000000,0.006065307,0.724416344
causal_10ms,38,10.000000,0.006065307,0.730481651
causal_10ms,39,10.000000,0.006065307,0.736546957
causal_10ms,40,10.000000,0.006065307,0.742612264
causal_10ms,41,10.000000,0.006065307,0.748677570
causal_10ms,42,10.000000,0.006065307,0.754742877
causal_10ms,43,10.000000,0.006065307,0.760808184
causal_10ms,44,10.000000,0.006065307,0.766873490
causal_10ms,45,10.000000,0.006065307,0.772938797
causal_10ms,46,10.000000,0.006065307,0.779004103
causal_10ms,47,10.000000,0.006065307,0.785069410
causal_10ms,48,10.000000,0.006065307,0.791134717
causal_10ms,49,10.000000,0.006065307,0.797200023
causal_10ms,50,10.000000,0.006065307,0.803265330
causal_10ms,51,10.000000,0.006065307,0.809330636
causal_10ms,52,10.000000,0.006065307,0.815395943
causal_10ms,53,10.000000,0.006065307,0.821461250
causal_10ms,54,10.000000,0.006065307,0.827526556
causal_10ms,55,10.000000,0.006065307,0.833591863
causal_10ms,56,10.000000,0.006065307,0.839657169
causal_10ms,57,10.000000,0.006065307,0.845722476
causal_10ms,58,10.000000,0.006065307,0.851787783
causal_10ms,59,10.000000,0.006065307,0.857853089
causal_10ms,60,10.000000,0.006065307,0.863918396
causal_10ms,61,10.000000,0.006065307,0.869983702
causal_10ms,62,10.000000,0.006065307,0.876049009
causal_10ms,63,10.000000,0.006065307,0.882114316
causal_10ms,64,10.000000,0.006065307,0.888179622
causal_10ms,65,10.000000,0.006065307,0.894244929
causal_10ms,66,10.000000,0.006065307,0.900310235
causal_10ms,67,10.000000,0.006065307,0.906375542
causal_10ms,68,10.000000,0.006065307,0.912440849
causal_10ms,69,10.000000,0.006065307,0.918506155
causal_10ms,70,10.000000,0.006065307,0.924571462
causal_10ms,71,10.000000,0.006065307,0.930636768
causal_10ms,72,10.000000,0.006065307,0.936702075
causal_10ms,73,10.000000,0.006065307,0.942767382
causal_10ms,74,10.000000,0.006065307,0.948832688
causal_10ms,75,10.000000,0.006065307,0.954897995
causal_10ms,76,10.000000,0.006065307,0.960963301
causal_10ms,77,10.000000,0.006065307,0.967028608
causal_10ms,78,10.000000,0.006065307,0.973093915
causal_10ms,79,10.000000,0.006065307,0.979159221
causal_10ms,80,10.000000,0.006065307,0.985224528
causal_10ms,81,10.000000,0.006065307,0.991289834
causal_10ms,82,10.000000,0.006065307,0.997355141
causal_10ms,83,10.000000,0.002644859,1.000000000
causal_10ms,84,10.000000,0.000000000,1.000000000
causal_10ms,85,10.000000,0.000000000,1.000000000
causal_10ms,86,10.000000,0.000000000,1.000000000
causal_10ms,87,10.000000,0.000000000,1.000000000
causal_10ms,88,10.000000,0.000000000,1.000000000
causal_10ms,89,10.000000,0.000000000,1.000000000
causal_10ms,90,10.000000,0.000000000,1.000000000
causal_10ms,91,10.000000,0.000000000,1.000000000
causal_10ms,92,10.000000,0.000000000,1.000000000
causal_10ms,93,10.000000,0.000000000,1.000000000
causal_10ms,94,10.000000,0.000000000,1.000000000
causal_10ms,95,10.000000,0.000000000,1.000000000
causal_10ms,96,10.000000,0.000000000,1.000000000
causal_10ms,97,10.000000,0.000000000,1.000000000
causal_10ms,98,10.000000,0.000000000,1.000000000
causal_10ms,99,10.000000,0.000000000,1.000000000
causal_10ms,100,10.000000,0.000000000,1.000000000
anti_causal_10ms,0,-10.000000,0.000000000,0.500000000
anti_causal_10ms,1,-10.000000,-0.006368572,0.493631428
anti_causal_10ms,2,-10.000000,-0.006368572,0.487262856
anti_causal_10ms,3,-10.000000,-0.006368572,0.480894284
anti_causal_10ms,4,-10.000000,-0.006368572,0.474525712
anti_causal_10ms,5,-10.000000,-0.006368572,0.468157140
anti_causal_10ms,6,-10.000000,-0.006368572,0.461788568
anti_causal_10ms,7,-10.000000,-0.006368572,0.455419997
anti_causal_10ms,8,-10.000000,-0.006368572,0.449051425
anti_causal_10ms,9,-10.000000,-0.006368572,0.442682853
anti_causal_10ms,10,-10.000000,-0.006368572,0.436314281
anti_causal_10ms,11,-10.000000,-0.006368572,0.429945709
anti_causal_10ms,12,-10.000000,-0.006368572,0.423577137
anti_causal_10ms,13,-10.000000,-0.006368572,0.417208565
anti_causal_10ms,14,-10.000000,-0.006368572,0.410839993
anti_causal_10ms,15,-10.000000,-0.006368572,0.404471421
anti_causal_10ms,16,-10.000000,-0.006368572,0.398102849
anti_causal_10ms,17,-10.000000,-0.006368572,0.391734277
anti_causal_10ms,18,-10.000000,-0.006368572,0.385365705
anti_causal_10ms,19,-10.000000,-0.006368572,0.378997133
anti_causal_10ms,20,-10.000000,-0.006368572,0.372628561
anti_causal_10ms,21,-10.000000,-0.006368572,0.366259990
anti_causal_10ms,22,-10.000000,-0.006368572,0.359891418
anti_causal_10ms,23,-10.000000,-0.006368572,0.353522846
anti_causal_10ms,24,-10.000000,-0.006368572,0.347154274
anti_causal_10ms,25,-10.000000,-0.006368572,0.340785702
anti_causal_10ms,26,-10.000000,-0.006368572,0.334417130
anti_causal_10ms,27,-10.000000,-0.006368572,0.328048558
anti_causal_10ms,28,-10.000000,-0.006368572,0.321679986
anti_causal_10ms,29,-10.000000,-0.006368572,0.315311414
anti_causal_10ms,30,-10.000000,-0.006368572,0.308942842
anti_causal_10ms,31,-10.000000,-0.006368572,0.302574270
anti_causal_10ms,32,-10.000000,-0.006368572,0.296205698
anti_causal_10ms,33,-10.000000,-0.006368572,0.289837126
anti_causal_10ms,34,-10.000000,-0.006368572,0.283468554
anti_causal_10ms,35,-10.000000,-0.006368572,0.277099983
anti_causal_10ms,36,-10.000000,-0.006368572,0.270731411
anti_causal_10ms,37,-10.000000,-0.006368572,0.264362839
anti_causal_10ms,38,-10.000000,-0.006368572,0.257994267
anti_causal_10ms,39,-10.000000,-0.006368572,0.251625695
anti_causal_10ms,40,-10.000000,-0.006368572,0.245257123
anti_causal_10ms,41,-10.000000,-0.006368572,0.238888551
anti_causal_10ms,42,-10.000000,-0.006368572,0.232519979
anti_causal_10ms,43,-10.000000,-0.006368572,0.226151407
anti_causal_10ms,44,-10.000000,-0.006368572,0.219782835
anti_causal_10ms,45,-10.000000,-0.006368572,0.213414263
anti_causal_10ms,46,-10.000000,-0.006368572,0.207045691
anti_causal_10ms,47,-10.000000,-0.006368572,0.200677119
anti_causal_10ms,48,-10.000000,-0.006368572,0.194308548
anti_causal_10ms,49,-10.000000,-0.006368572,0.187939976
anti_causal_10ms,50,-10.000000,-0.006368572,0.181571404
anti_causal_10ms,51,-10.000000,-0.006368572,0.175202832
anti_causal_10ms,52,-10.000000,-0.006368572,0.168834260
anti_causal_10ms,53,-10.000000,-0.006368572,0.162465688
anti_causal_10ms,54,-10.000000,-0.006368572,0.156097116
anti_causal_10ms,55,-10.000000,-0.006368572,0.149728544
anti_causal_10ms,56,-10.000000,-0.006368572,0.143359972
anti_causal_10ms,57,-10.000000,-0.006368572,0.136991400
anti_causal_10ms,58,-10.000000,-0.006368572,0.130622828
anti_causal_10ms,59,-10.000000,-0.006368572,0.124254256
anti_causal_10ms,60,-10.000000,-0.006368572,0.117885684
anti_causal_10ms,61,-10.000000,-0.006368572,0.111517112
anti_causal_10ms,62,-10.000000,-0.006368572,0.105148541
anti_causal_10ms,63,-10.000000,-0.006368572,0.098779969
anti_causal_10ms,64,-10.000000,-0.006368572,0.092411397
anti_causal_10ms,65,-10.000000,-0.006368572,0.086042825
anti_causal_10ms,66,-10.000000,-0.006368572,0.079674253
anti_causal_10ms,67,-10.000000,-0.006368572,0.073305681
anti_causal_10ms,68,-10.000000,-0.006368572,0.066937109
anti_causal_10ms,69,-10.000000,-0.006368572,0.060568537
anti_causal_10ms,70,-10.000000,-0.006368572,0.054199965
anti_causal_10ms,71,-10.000000,-0.006368572,0.047831393
anti_causal_10ms,72,-10.000000,-0.006368572,0.041462821
anti_causal_10ms,73,-10.000000,-0.006368572,0.035094249
anti_causal_10ms,74,-10.000000,-0.006368572,0.028725677
anti_causal_10ms,75,-10.000000,-0.006368572,0.022357105
anti_causal_10ms,76,-10.000000,-0.006368572,0.015988534
anti_causal_10ms,77,-10.000000,-0.006368572,0.009619962
anti_causal_10ms,78,-10.000000,-0.006368572,0.003251390
anti_causal_10ms,79,-10.000000,-0.003251390,0.000000000
anti_causal_10ms,80,-10.000000,0.000000000,0.000000000
anti_causal_10ms,81,-10.000000,0.000000000,0.000000000
anti_causal_10ms,82,-10.000000,0.000000000,0.000000000
anti_causal_10ms,83,-10.000000,0.000000000,0.000000000
anti_causal_10ms,84,-10.000000,0.000000000,0.000000000
anti_causal_10ms,85,-10.000000,0.000000000,0.000000000
anti_causal_10ms,86,-10.000000,0.000000000,0.000000000
anti_causal_10ms,87,-10.000000,0.000000000,0.000000000
anti_causal_10ms,88,-10.000000,0.000000000,0.000000000
anti_causal_10ms,89,-10.000000,0.000000000,0.000000000
anti_causal_10ms,90,-10.000000,0.000000000,0.000000000
anti_causal_10ms,91,-10.000000,0.000000000,0.000000000
anti_causal_10ms,92,-10.000000,0.000000000,0.000000000
anti_causal_10ms,93,-10.000000,0.000000000,0.000000000
anti_causal_10ms,94,-10.000000,0.000000000,0.000000000
anti_causal_10ms,95,-10.000000,0.000000000,0.000000000
anti_causal_10ms,96,-10.000000,0.000000000,0.000000000
anti_causal_10ms,97,-10.000000,0.000000000,0.000000000
anti_causal_10ms,98,-10.000000,0.000000000,0.000000000
anti_causal_10ms,99,-10.000000,0.000000000,0.000000000
anti_causal_10ms,100,-10.000000,0.000000000,0.000000000
simultaneous,0,0.000000,0.000000000,0.500000000
simultaneous,1,0.000000,0.000000000,0.500000000
simultaneous,2,0.000000,0.000000000,0.500000000
simultaneous,3,0.000000,0.000000000,0.500000000
simultaneous,4,0.000000,0.000000000,0.500000000
simultaneous,5,0.000000,0.000000000,0.500000000
simultaneous,6,0.000000,0.000000000,0.500000000
simultaneous,7,0.000000,0.000000000,0.500000000
simultaneous,8,0.000000,0.000000000,0.500000000
simultaneous,9,0.000000,0.000000000,0.500000000
simultaneous,10,0.000000,0.000000000,0.500000000
simultaneous,11,0.000000,0.000000000,0.500000000
simultaneous,12,0.000000,0.000000000,0.500000000
simultaneous,13,0.000000,0.000000000,0.500000000
simultaneous,14,0.000000,0.000000000,0.500000000
simultaneous,15,0.000000,0.000000000,0.500000000
simultaneous,16,0.000000,0.000000000,0.500000000
simultaneous,17,0.000000,0.000000000,0.500000000
simultaneous,18,0.000000,0.000000000,0.500000000
simultaneous,19,0.000000,0.000000000,0.500000000
simultaneous,20,0.000000,0.000000000,0.500000000
simultaneous,21,0.000000,0.000000000,0.500000000
simultaneous,22,0.000000,0.000000000,0.500000000
simultaneous,23,0.000000,0.000000000,0.500000000
simultaneous,24,0.000000,0.000000000,0.500000000
simultaneous,25,0.000000,0.000000000,0.500000000
simultaneous,26,0.000000,0.000000000,0.500000000
simultaneous,27,0.000000,0.000000000,0.500000000
simultaneous,28,0.000000,0.000000000,0.500000000
simultaneous,29,0.000000,0.000000000,0.500000000
simultaneous,30,0.000000,0.000000000,0.500000000
simultaneous,31,0.000000,0.000000000,0.500000000
simultaneous,32,0.000000,0.000000000,0.500000000
simultaneous,33,0.000000,0.000000000,0.500000000
simultaneous,34,0.000000,0.000000000,0.500000000
simultaneous,35,0.000000,0.000000000,0.500000000
simultaneous,36,0.000000,0.000000000,0.500000000
simultaneous,37,0.000000,0.000000000,0.500000000
simultaneous,38,0.000000,0.000000000,0.500000000
simultaneous,39,0.000000,0.000000000,0.500000000
simultaneous,40,0.000000,0.000000000,0.500000000
simultaneous,41,0.000000,0.000000000,0.500000000
simultaneous,42,0.000000,0.000000000,0.500000000
simultaneous,43,0.000000,0.000000000,0.500000000
simultaneous,44,0.000000,0.000000000,0.500000000
simultaneous,45,0.000000,0.000000000,0.500000000
simultaneous,46,0.000000,0.000000000,0.500000000
simultaneous,47,0.000000,0.000000000,0.500000000
simultaneous,48,0.000000,0.000000000,0.500000000
simultaneous,49,0.000000,0.000000000,0.500000000
simultaneous,50,0.000000,0.000000000,0.500000000
simultaneous,51,0.000000,0.000000000,0.500000000
simultaneous,52,0.000000,0.000000000,0.500000000
simultaneous,53,0.000000,0.000000000,0.500000000
simultaneous,54,0.000000,0.000000000,0.500000000
simultaneous,55,0.000000,0.000000000,0.500000000
simultaneous,56,0.000000,0.000000000,0.500000000
simultaneous,57,0.000000,0.000000000,0.500000000
simultaneous,58,0.000000,0.000000000,0.500000000
simultaneous,59,0.000000,0.000000000,0.500000000
simultaneous,60,0.000000,0.000000000,0.500000000
simultaneous,61,0.000000,0.000000000,0.500000000
simultaneous,62,0.000000,0.000000000,0.500000000
simultaneous,63,0.000000,0.000000000,0.500000000
simultaneous,64,0.000000,0.000000000,0.500000000
simultaneous,65,0.000000,0.000000000,0.500000000
simultaneous,66,0.000000,0.000000000,0.500000000
simultaneous,67,0.000000,0.000000000,0.500000000
simultaneous,68,0.000000,0.000000000,0.500000000
simultaneous,69,0.000000,0.000000000,0.500000000
simultaneous,70,0.000000,0.000000000,0.500000000
simultaneous,71,0.000000,0.000000000,0.500000000
simultaneous,72,0.000000,0.000000000,0.500000000
simultaneous,73,0.000000,0.000000000,0.500000000
simultaneous,74,0.000000,0.000000000,0.500000000
simultaneous,75,0.000000,0.000000000,0.500000000
simultaneous,76,0.000000,0.000000000,0.500000000
simultaneous,77,0.000000,0.000000000,0.500000000
simultaneous,78,0.000000,0.000000000,0.500000000
simultaneous,79,0.000000,0.000000000,0.500000000
simultaneous,80,0.000000,0.000000000,0.500000000
simultaneous,81,0.000000,0.000000000,0.500000000
simultaneous,82,0.000000,0.000000000,0.500000000
simultaneous,83,0.000000,0.000000000,0.500000000
simultaneous,84,0.000000,0.000000000,0.500000000
simultaneous,85,0.000000,0.000000000,0.500000000
simultaneous,86,0.000000,0.000000000,0.500000000
simultaneous,87,0.000000,0.000000000,0.500000000
simultaneous,88,0.000000,0.000000000,0.500000000
simultaneous,89,0.000000,0.000000000,0.500000000
simultaneous,90,0.000000,0.000000000,0.500000000
simultaneous,91,0.000000,0.000000000,0.500000000
simultaneous,92,0.000000,0.000000000,0.500000000
simultaneous,93,0.000000,0.000000000,0.500000000
simultaneous,94,0.000000,0.000000000,0.500000000
simultaneous,95,0.000000,0.000000000,0.500000000
simultaneous,96,0.000000,0.000000000,0.500000000
simultaneous,97,0.000000,0.000000000,0.500000000
simultaneous,98,0.000000,0.000000000,0.500000000
simultaneous,99,0.000000,0.000000000,0.500000000
simultaneous,100,0.000000,0.000000000,0.500000000
