pairing,delta_t_ms,delta_w,weight
0,10.000000,0.006065307,0.506065307
1,10.000000,0.006065307,0.512130613
2,10.000000,0.006065307,0.518195920
3,10.000000,0.006065307,0.524261226
4,10.000000,0.006065307,0.530326533
5,10.000000,0.006065307,0.536391840
6,10.000000,0.006065307,0.542457146
7,10.000000,0.006065307,0.548522453
8,10.000000,0.006065307,0.554587759
9,10.000000,0.006065307,0.560653066
10,10.000000,0.006065307,0.566718373
11,10.000000,0.006065307,0.572783679
12,10.000000,0.006065307,0.578848986
13,10.000000,0.006065307,0.584914292
14,10.000000,0.006065307,0.590979599
15,10.000000,0.006065307,0.597044906
16,10.000000,0.006065307,0.603110212
17,10.000000,0.006065307,0.609175519
18,10.000000,0.006065307,0.615240825
19,10.000000,0.006065307,0.621306132
20,10.000000,0.006065307,0.627371439
21,10.000000,0.006065307,0.633436745
22,10.000000,0.006065307,0.639502052
23,10.000000,0.006065307,0.645567358
24,10.000000,0.006065307,0.651632665
25,10.000000,0.006065307,0.657697972
26,10.000000,0.006065307,0.663763278
27,10.000000,0.006065307,0.669828585
28,10.000000,0.006065307,0.675893891
29,10.000000,0.006065307,0.681959198
30,-10.000000,-0.006368572,0.675590626
31,-10.000000,-0.006368572,0.669222054
32,-10.000000,-0.006368572,0.662853482
33,-10.000000,-0.006368572,0.656484910
34,-10.000000,-0.006368572,0.650116338
35,-10.000000,-0.006368572,0.643747766
36,-10.000000,-0.006368572,0.637379194
37,-10.000000,-0.006368572,0.631010622
38,-10.000000,-0.006368572,0.624642051
39,-10.000000,-0.006368572,0.618273479
40,-10.000000,-0.006368572,0.611904907
41,-10.000000,-0.006368572,0.605536335
42,-10.000000,-0.006368572,0.599167763
43,-10.000000,-0.006368572,0.592799191
44,-10.000000,-0.006368572,0.586430619
45,-10.000000,-0.006368572,0.580062047
46,-10.000000,-0.006368572,0.573693475
47,-10.000000,-0.006368572,0.567324903
48,-10.000000,-0.006368572,0.560956331
49,-10.000000,-0.006368572,0.554587759
50,-10.000000,-0.006368572,0.548219187
51,-10.000000,-0.006368572,0.541850616
52,-10.000000,-0.006368572,0.535482044
53,-10.000000,-0.006368572,0.529113472
54,-10.000000,-0.006368572,0.522744900
55,-10.000000,-0.006368572,0.516376328
56,-10.000000,-0.006368572,0.510007756
57,-10.000000,-0.006368572,0.503639184
58,-10.000000,-0.006368572,0.497270612
59,-10.000000,-0.006368572,0.490902040
60,5.000000,0.007788008,0.498690048
61,5.000000,0.007788008,0.506478056
62,5.000000,0.007788008,0.514266064
63,5.000000,0.007788008,0.522054071
64,5.000000,0.007788008,0.529842079
65,5.000000,0.007788008,0.537630087
66,5.000000,0.007788008,0.545418095
67,5.000000,0.007788008,0.553206103
68,5.000000,0.007788008,0.560994111
69,5.000000,0.007788008,0.568782118
70,5.000000,0.007788008,0.576570126
71,5.000000,0.007788008,0.584358134
72,5.000000,0.007788008,0.592146142
73,5.000000,0.007788008,0.599934150
74,5.000000,0.007788008,0.607722158
75,5.000000,0.007788008,0.615510165
76,5.000000,0.007788008,0.623298173
77,5.000000,0.007788008,0.631086181
78,5.000000,0.007788008,0.638874189
79,5.000000,0.007788008,0.646662197
80,5.000000,0.007788008,0.654450205
81,5.000000,0.007788008,0.662238212
82,5.000000,0.007788008,0.670026220
83,5.000000,0.007788008,0.677814228
84,5.000000,0.007788008,0.685602236
85,5.000000,0.007788008,0.693390244
86,5.000000,0.007788008,0.701178252
87,5.000000,0.007788008,0.708966259
88,5.000000,0.007788008,0.716754267
89,5.000000,0.007788008,0.724542275
90,-5.000000,-0.008177408,0.716364867
91,-5.000000,-0.008177408,0.708187459
92,-5.000000,-0.008177408,0.700010050
93,-5.000000,-0.008177408,0.691832642
94,-5.000000,-0.008177408,0.683655234
95,-5.000000,-0.008177408,0.675477826
96,-5.000000,-0.008177408,0.667300417
97,-5.000000,-0.008177408,0.659123009
98,-5.000000,-0.008177408,0.650945601
99,-5.000000,-0.008177408,0.642768193
100,-5.000000,-0.008177408,0.634590785
101,-5.000000,-0.008177408,0.626413376
102,-5.000000,-0.008177408,0.618235968
103,-5.000000,-0.008177408,0.610058560
104,-5.000000,-0.008177408,0.601881152
105,-5.000000,-0.008177408,0.593703743
106,-5.000000,-0.008177408,0.585526335
107,-5.000000,-0.008177408,0.577348927
108,-5.000000,-0.008177408,0.569171519
109,-5.000000,-0.008177408,0.560994111
110,-5.000000,-0.008177408,0.552816702
111,-5.000000,-0.008177408,0.544639294
112,-5.000000,-0.008177408,0.536461886
113,-5.000000,-0.008177408,0.528284478
114,-5.000000,-0.008177408,0.520107069
115,-5.000000,-0.008177408,0.511929661
116,-5.000000,-0.008177408,0.503752253
117,-5.000000,-0.008177408,0.495574845
118,-5.000000,-0.008177408,0.487397437
119,-5.000000,-0.008177408,0.479220028
120,-28.275740,-0.002553815,0.476666214
121,-12.526148,-0.005612902,0.471053312
122,16.624205,0.004355219,0.475408530
123,25.038000,0.002859610,0.478268140
124,7.296110,0.006943317,0.485211457
125,8.612411,0.006501056,0.491712513
126,22.797456,0.003198597,0.494911110
127,23.000456,0.003166296,0.498077405
128,-24.960150,-0.003014300,0.495063105
129,-20.069807,-0.003849275,0.491213829
130,-20.620831,-0.003744671,0.487469159
131,27.364445,0.002545591,0.490014750
132,-27.652429,-0.002634659,0.487380091
133,-13.242321,-0.005415467,0.481964623
134,-18.519162,-0.004159593,0.477805030
135,-8.292485,-0.006936179,0.470868852
136,18.894178,0.003887927,0.474756779
137,-27.499492,-0.002654883,0.472101896
138,-4.121608,-0.008544560,0.463557335
139,-11.894133,-0.005793106,0.457764229
140,-17.417386,-0.004395169,0.453369060
141,10.967523,0.005778875,0.459147935
142,12.056379,0.005472667,0.464620602
143,-27.633488,-0.002637155,0.461983447
144,6.036121,0.007394815,0.469378262
145,-0.782722,-0.010097008,0.459281253
146,-27.570224,-0.002645510,0.456635743
147,16.306467,0.004424962,0.461060705
148,17.682495,0.004130756,0.465191461
149,-24.974531,-0.003012134,0.462179327
