delta_t_ms,delta_w
-5.000000000000000000e+01,-8.618924855509374093e-04
-4.900000000000000000e+01,-9.060826582433902446e-04
-4.800000000000000000e+01,-9.525385095388314363e-04
-4.700000000000000000e+01,-1.001376203263271017e-03
-4.600000000000000000e+01,-1.052717859089439449e-03
-4.500000000000000000e+01,-1.106691857899575523e-03
-4.400000000000000000e+01,-1.163433162804505729e-03
-4.300000000000000000e+01,-1.223083656621718179e-03
-4.200000000000000000e+01,-1.285792496656310057e-03
-4.100000000000000000e+01,-1.351716487671944479e-03
-4.000000000000000000e+01,-1.421020473984433569e-03
-3.900000000000000000e+01,-1.493877751658392872e-03
-3.800000000000000000e+01,-1.570470501837668235e-03
-3.700000000000000000e+01,-1.650990246293090056e-03
-3.600000000000000000e+01,-1.735638326326658688e-03
-3.500000000000000000e+01,-1.824626406229674013e-03
-3.400000000000000000e+01,-1.918177002553714044e-03
-3.300000000000000000e+01,-2.016524040517918455e-03
-3.200000000000000000e+01,-2.119913438943881855e-03
-3.100000000000000000e+01,-2.228603725180802134e-03
-3.000000000000000000e+01,-2.342866681558513058e-03
-2.900000000000000000e+01,-2.462988024984875436e-03
-2.800000000000000000e+01,-2.589268121386868477e-03
-2.700000000000000000e+01,-2.722022736781860939e-03
-2.600000000000000000e+01,-2.861583826857132251e-03
-2.500000000000000000e+01,-3.008300367031996152e-03
-2.400000000000000000e+01,-3.162539225078122608e-03
-2.300000000000000000e+01,-3.324686078480059565e-03
-2.200000000000000000e+01,-3.495146378829835313e-03
-2.100000000000000000e+01,-3.674346365667131332e-03
-2.000000000000000000e+01,-3.862734132300144844e-03
-1.900000000000000000e+01,-4.060780746272263549e-03
-1.800000000000000000e+01,-4.268981427276290555e-03
-1.700000000000000000e+01,-4.487856785461630769e-03
-1.600000000000000000e+01,-4.717954123230826483e-03
-1.500000000000000000e+01,-4.959848803780654222e-03
-1.400000000000000000e+01,-5.214145689809800317e-03
-1.300000000000000000e+01,-5.481480655990668416e-03
-1.200000000000000000e+01,-5.762522178987277213e-03
-1.100000000000000000e+01,-6.057973008995110563e-03
-1.000000000000000000e+01,-6.368571926982651184e-03
-9.000000000000000000e+00,-6.695095592028620438e-03
-8.000000000000000000e+00,-7.038360483374213501e-03
-7.000000000000000000e+00,-7.399224942046491414e-03
-6.000000000000000000e+00,-7.778591317158038178e-03
-5.000000000000000000e+00,-8.177408222249752182e-03
-4.000000000000000000e+00,-8.596672907318810009e-03
-3.000000000000000000e+00,-9.037433752463106679e-03
-2.000000000000000000e+00,-9.500792889377576017e-03
-1.000000000000000000e+00,-9.987908957257497430e-03
0.000000000000000000e+00,0.000000000000000000e+00
1.000000000000000000e+00,9.512294245007140575e-03
2.000000000000000000e+00,9.048374180359594968e-03
3.000000000000000000e+00,8.607079764250577872e-03
4.000000000000000000e+00,8.187307530779818973e-03
5.000000000000000000e+00,7.788007830714049201e-03
6.000000000000000000e+00,7.408182206817178969e-03
7.000000000000000000e+00,7.046880897187134639e-03
8.000000000000000000e+00,6.703200460356393067e-03
9.000000000000000000e+00,6.376281516217733626e-03
1.000000000000000000e+01,6.065306597126333965e-03
1.100000000000000000e+01,5.769498103804866253e-03
1.200000000000000000e+01,5.488116360940264137e-03
1.300000000000000000e+01,5.220457767610160726e-03
1.400000000000000000e+01,4.965853037914095582e-03
1.500000000000000000e+01,4.723665527410146961e-03
1.600000000000000000e+01,4.493289641172216152e-03
1.700000000000000000e+01,4.274149319487267028e-03
1.800000000000000000e+01,4.065696597405991583e-03
1.900000000000000000e+01,3.867410234545012263e-03
2.000000000000000000e+01,3.678794411714423392e-03
2.100000000000000000e+01,3.499377491111553464e-03
2.200000000000000000e+01,3.328710836980795784e-03
2.300000000000000000e+01,3.166367693790532629e-03
2.400000000000000000e+01,3.011942119122021366e-03
2.500000000000000000e+01,2.865047968601900849e-03
2.600000000000000000e+01,2.725317930340125788e-03
2.700000000000000000e+01,2.592402606458914932e-03
2.800000000000000000e+01,2.465969639416064948e-03
2.900000000000000000e+01,2.345702880937976503e-03
3.000000000000000000e+01,2.231301601484298337e-03
3.100000000000000000e+01,2.122479738267430294e-03
3.200000000000000000e+01,2.018965179946553921e-03
3.300000000000000000e+01,1.920499086207541313e-03
3.400000000000000000e+01,1.826835240527346698e-03
3.500000000000000000e+01,1.737739434504451379e-03
3.600000000000000000e+01,1.652988882215865448e-03
3.700000000000000000e+01,1.572371663136276068e-03
3.800000000000000000e+01,1.495686192226350700e-03
3.900000000000000000e+01,1.422740715865135862e-03
4.000000000000000000e+01,1.353352832366127136e-03
4.100000000000000000e+01,1.287349035878042423e-03
4.200000000000000000e+01,1.224564282529819019e-03
4.300000000000000000e+01,1.164841577734969684e-03
4.400000000000000000e+01,1.108031583623338666e-03
4.500000000000000000e+01,1.053992245618643386e-03
4.600000000000000000e+01,1.002588437228037416e-03
4.700000000000000000e+01,9.536916221554961760e-04
4.800000000000000000e+01,9.071795328941251310e-04
4.900000000000000000e+01,8.629358649937049226e-04
5.000000000000000000e+01,8.208499862389880605e-04
